userID,Cancellation_rate,ratings,responsiveness_to_task,Min_Max_Diff_Past_6_months,ratings_influx,type_of_gig,social_media_activeness_score,Permanent_Employment,Years_of_Employment,fluctuation_rate,gross_income,net_income,Impulsive_purchase_rate,Recurring_expense_consistency,Expense_to_Income_Ratio,Regular_saving,regular_savings_amount,Emergency_fund_availability,Emergency_fund_amount,consistent_spending,spending_amount,portfolio_diversification_risk,Awareness_of_utilisation_of_PFM,timestamp
000053,4.63,4.6,3.48,0.03,4.63,low_value,3.6,no,11,6.68,11357.46,9085.97,44.57,83.67,32.49,True,335.2,False,9498.39,True,3689.76,2.02,5,2024-11-30 15:04:29.895990
000053,2.89,4.49,3.32,0.12,3.18,low_value,3.6,no,11,7.4,11357.46,9085.97,0.0,73.45,2.31,True,566.68,True,8884.06,True,261.97,4.32,3,2024-10-31 15:04:29.895990
000053,3.46,4.25,4.07,0.89,4.17,low_value,3.6,no,11,7.61,11357.46,9085.97,29.36,86.34,33.64,True,198.35,False,8328.05,False,3820.6,3.99,4,2024-10-01 15:04:29.895990
000053,3.5,3.51,3.34,0.49,3.19,low_value,3.6,no,11,7.96,11357.46,9085.97,32.86,74.62,17.76,False,689.07,False,2535.71,False,2016.5300000000002,1.75,2,2024-09-01 15:04:29.895990
000053,0.99,3.77,4.9,0.45,4.63,low_value,3.6,no,11,2.67,11357.46,9085.97,18.77,62.06,28.76,True,828.26,True,3334.17,False,3266.2200000000003,2.76,5,2024-08-02 15:04:29.895990
000053,0.55,4.45,3.16,0.09,3.25,low_value,3.6,no,11,1.58,11357.46,9085.97,0.0,61.04,0.0,True,530.11,True,1085.56,False,0.0,4.01,1,2024-07-03 15:04:29.895990
000041,1.88,4.28,4.92,0.27,3.97,high_value,4.17,yes,18,7.81,5532.82,4426.26,14.76,81.15,28.02,False,433.71,False,9995.01,True,1550.4499999999998,4.76,4,2024-11-30 15:04:29.895990
000041,1.89,3.59,3.71,0.33,3.2,high_value,4.17,yes,18,5.11,5532.82,4426.26,9.22,84.44,31.0,True,123.11,True,8821.05,False,1715.3799999999999,4.8,2,2024-10-31 15:04:29.895990
000041,1.84,4.43,4.32,0.48,3.83,high_value,4.17,yes,18,2.69,5532.82,4426.26,85.98,94.52,111.97,False,114.97,False,8860.91,False,6195.3,3.71,2,2024-10-01 15:04:29.895990
000041,3.03,4.1,4.23,0.08,3.86,high_value,4.17,yes,18,9.38,5532.82,4426.26,84.92,92.58,163.13,True,760.85,False,6464.56,True,9025.79,4.48,5,2024-09-01 15:04:29.895990
000041,3.92,4.57,3.06,0.5,3.17,high_value,4.17,yes,18,8.49,5532.82,4426.26,32.68,94.87,91.95,False,251.25,False,9595.46,False,5087.26,3.65,2,2024-08-02 15:04:29.895990
000041,1.22,3.76,4.89,0.7,3.21,high_value,4.17,yes,18,9.94,5532.82,4426.26,0.0,61.02,0.0,False,912.38,False,2983.38,False,0.0,3.66,1,2024-07-03 15:04:29.895990
000058,1.12,4.36,4.85,0.06,3.69,high_value,2.33,no,4,9.19,12546.49,10037.19,22.05,86.0,9.31,False,688.53,False,8276.03,True,1168.22,2.04,3,2024-11-30 15:04:29.895990
000058,0.44,3.63,4.48,0.94,4.49,high_value,2.33,no,4,2.04,12546.49,10037.19,11.25,72.87,68.32,False,958.66,True,3797.19,True,8571.220000000001,4.39,4,2024-10-31 15:04:29.895990
000058,1.6,4.05,4.36,0.8,4.04,high_value,2.33,no,4,6.41,12546.49,10037.19,10.34,67.77,31.42,False,108.27,False,3843.34,False,3942.4500000000003,4.35,4,2024-10-01 15:04:29.895990
000058,3.4,3.72,3.57,0.75,4.7,high_value,2.33,no,4,8.45,12546.49,10037.19,3.77,61.2,3.98,False,378.0,True,3461.07,False,499.35999999999996,3.52,2,2024-09-01 15:04:29.895990
000058,2.48,4.56,3.75,0.98,3.67,high_value,2.33,no,4,8.45,12546.49,10037.19,14.76,67.37,37.21,True,730.37,True,9308.42,True,4668.8,4.43,4,2024-08-02 15:04:29.895990
000058,1.5,4.72,4.82,0.16,3.04,high_value,2.33,no,4,4.53,12546.49,10037.19,0.0,74.79,0.0,False,991.28,False,4519.57,False,0.0,2.13,2,2024-07-03 15:04:29.895990
000061,2.9,4.71,4.7,0.71,3.92,high_value,4.01,no,17,2.47,4570.81,3656.65,0.0,64.81,23.49,False,361.97,True,2887.9,True,1073.67,3.94,1,2024-11-30 15:04:29.895990
000061,1.81,4.78,3.2,0.79,4.72,high_value,4.01,no,17,4.39,4570.81,3656.65,16.66,94.39,148.13,True,933.39,True,4200.25,False,6770.84,1.72,1,2024-10-31 15:04:29.895990
000061,0.59,4.27,3.68,0.43,3.3,high_value,4.01,no,17,7.5,4570.81,3656.65,28.97,68.58,59.91,True,316.77,False,3724.21,True,2738.38,3.61,4,2024-10-01 15:04:29.895990
000061,3.88,4.99,4.34,0.09,3.93,high_value,4.01,no,17,8.36,4570.81,3656.65,0.0,73.37,71.21,False,430.59,True,2049.65,True,3254.6899999999996,2.96,5,2024-09-01 15:04:29.895990
000061,1.12,4.38,4.97,0.48,4.39,high_value,4.01,no,17,1.85,4570.81,3656.65,37.61,80.75,35.07,False,535.77,False,3685.27,True,1602.9999999999998,1.4,1,2024-08-02 15:04:29.895990
000061,3.57,4.79,4.08,0.41,4.4,high_value,4.01,no,17,4.54,4570.81,3656.65,0.0,88.61,0.0,False,157.54,True,7781.57,True,0.0,4.86,1,2024-07-03 15:04:29.895990
000016,0.62,3.69,3.41,0.16,4.12,high_value,4.2,yes,5,8.66,9656.66,7725.33,25.25,61.23,4.08,True,555.53,False,9696.49,True,393.59999999999997,2.69,1,2024-11-30 15:04:29.895990
000016,1.24,3.57,4.89,0.9,3.59,high_value,4.2,yes,5,5.81,9656.66,7725.33,20.32,64.89,77.39,False,725.59,False,6455.55,True,7473.77,3.75,1,2024-10-31 15:04:29.895990
000016,1.19,3.78,3.6,0.83,4.91,high_value,4.2,yes,5,6.42,9656.66,7725.33,10.19,67.56,66.13,False,349.66,False,1669.24,False,6385.68,2.04,2,2024-10-01 15:04:29.895990
000016,2.0,3.62,3.51,0.43,4.39,high_value,4.2,yes,5,5.82,9656.66,7725.33,10.05,62.47,96.68,False,995.82,True,7430.0,True,9335.82,2.68,2,2024-09-01 15:04:29.895990
000016,1.58,4.68,3.76,0.96,3.49,high_value,4.2,yes,5,3.43,9656.66,7725.33,0.0,78.6,9.82,False,159.36,True,4265.38,False,948.19,4.11,2,2024-08-02 15:04:29.895990
000016,4.34,3.84,3.02,0.38,4.94,high_value,4.2,yes,5,4.41,9656.66,7725.33,100.0,63.68,2.89,True,258.16,False,6299.44,False,278.82,1.38,3,2024-07-03 15:04:29.895990
000033,0.85,4.92,3.78,0.35,4.48,low_value,4.59,no,18,9.71,10289.6,8231.68,100.0,78.61,17.23,False,529.18,True,3331.55,True,1773.01,3.63,2,2024-11-30 15:04:29.895990
000033,1.89,4.6,3.11,0.73,4.95,low_value,4.59,no,18,7.37,10289.6,8231.68,8.44,68.72,113.85,False,736.11,True,4950.64,False,11715.22,4.19,5,2024-10-31 15:04:29.895990
000033,1.43,4.93,4.04,0.72,4.85,low_value,4.59,no,18,3.06,10289.6,8231.68,0.0,82.25,18.68,True,952.71,False,7935.21,True,1922.06,3.54,1,2024-10-01 15:04:29.895990
000033,3.65,4.92,3.33,0.06,4.49,low_value,4.59,no,18,5.99,10289.6,8231.68,68.06,77.25,37.03,True,965.95,False,7093.3,True,3810.62,2.92,5,2024-09-01 15:04:29.895990
000033,3.43,4.52,4.06,0.12,3.03,low_value,4.59,no,18,2.71,10289.6,8231.68,81.99,89.1,13.05,True,742.74,False,3198.04,True,1342.62,3.43,2,2024-08-02 15:04:29.895990
000033,3.37,4.82,4.05,0.23,3.15,low_value,4.59,no,18,8.55,10289.6,8231.68,0.0,77.98,0.0,True,480.45,False,2534.36,True,0.0,2.35,2,2024-07-03 15:04:29.895990
000022,1.07,4.61,4.14,0.22,3.61,low_value,2.17,yes,17,9.4,6590.14,5272.11,95.0,82.5,88.92,True,941.87,False,1517.47,True,5859.8099999999995,3.46,3,2024-11-30 15:04:29.895990
000022,1.49,3.66,3.7,0.72,3.8,low_value,2.17,yes,17,1.08,6590.14,5272.11,0.0,75.08,25.4,True,176.27,True,4696.47,False,1673.8,1.03,3,2024-10-31 15:04:29.895990
000022,1.13,4.09,3.6,0.43,3.36,low_value,2.17,yes,17,8.3,6590.14,5272.11,3.42,63.8,21.51,False,690.65,False,2456.51,False,1417.4499999999998,3.99,1,2024-10-01 15:04:29.895990
000022,1.8,4.81,3.4,0.19,3.08,low_value,2.17,yes,17,4.55,6590.14,5272.11,62.31,86.04,20.99,True,244.28,True,9535.38,False,1383.4,1.48,4,2024-09-01 15:04:29.895990
000022,2.75,4.7,4.43,0.32,4.53,low_value,2.17,yes,17,8.94,6590.14,5272.11,56.04,77.57,26.82,False,218.28,True,8134.42,True,1767.25,1.62,5,2024-08-02 15:04:29.895990
000022,0.07,4.53,3.1,0.83,3.86,low_value,2.17,yes,17,6.37,6590.14,5272.11,0.0,60.28,0.0,False,360.52,False,1743.53,False,0.0,1.99,2,2024-07-03 15:04:29.895990
000075,1.32,4.55,4.33,0.43,3.95,high_value,1.46,yes,16,8.04,6373.67,5098.94,11.56,63.61,50.46,True,269.8,True,3064.46,True,3216.02,2.61,3,2024-11-30 15:04:29.895990
000075,4.95,4.89,3.85,0.62,3.18,high_value,1.46,yes,16,1.46,6373.67,5098.94,0.0,74.26,29.83,False,730.14,True,2995.98,False,1901.21,2.92,5,2024-10-31 15:04:29.895990
000075,2.14,3.58,3.22,0.36,4.89,high_value,1.46,yes,16,7.4,6373.67,5098.94,80.16,68.64,165.7,True,263.58,True,1469.18,False,10561.34,1.85,4,2024-10-01 15:04:29.895990
000075,1.4,4.41,3.86,0.25,3.98,high_value,1.46,yes,16,4.01,6373.67,5098.94,0.0,63.9,32.9,True,714.67,True,3980.91,False,2096.81,3.97,5,2024-09-01 15:04:29.895990
000075,2.64,4.06,4.3,0.21,3.77,high_value,1.46,yes,16,8.98,6373.67,5098.94,80.92,64.57,82.29,True,136.94,True,2736.35,False,5245.12,4.7,1,2024-08-02 15:04:29.895990
000075,4.71,4.43,3.6,0.47,4.52,high_value,1.46,yes,16,5.8,6373.67,5098.94,0.0,65.38,0.0,True,272.54,False,9024.28,False,0.0,4.58,4,2024-07-03 15:04:29.895990
000042,4.66,4.26,3.04,0.6,4.39,low_value,2.68,yes,20,2.16,3812.5,3050.0,0.0,61.59,41.77,True,814.95,True,7666.44,False,1592.34,2.98,5,2024-11-30 15:04:29.895990
000042,4.35,4.96,3.33,0.75,3.77,low_value,2.68,yes,20,8.01,3812.5,3050.0,0.0,74.03,30.41,False,286.23,True,2440.03,True,1159.55,3.37,1,2024-10-31 15:04:29.895990
000042,4.4,4.69,3.91,0.71,4.05,low_value,2.68,yes,20,3.73,3812.5,3050.0,100.0,67.71,6.23,False,596.94,True,3015.37,True,237.43,2.17,2,2024-10-01 15:04:29.895990
000042,4.71,3.92,3.27,0.87,3.1,low_value,2.68,yes,20,9.82,3812.5,3050.0,100.0,94.63,219.8,True,581.14,True,6837.81,False,8379.72,2.3,5,2024-09-01 15:04:29.895990
000042,1.32,3.7,4.8,0.29,4.97,low_value,2.68,yes,20,6.63,3812.5,3050.0,83.46,60.36,241.41,False,297.35,False,2590.62,True,9203.83,3.15,5,2024-08-02 15:04:29.895990
000042,0.53,4.62,3.76,0.65,4.74,low_value,2.68,yes,20,6.71,3812.5,3050.0,0.0,79.28,0.0,False,298.58,False,2835.27,False,0.0,1.62,2,2024-07-03 15:04:29.895990
000036,0.91,3.78,4.72,0.19,3.98,high_value,1.37,no,13,7.57,13826.02,11060.82,85.89,82.66,31.45,True,379.14,True,8357.49,True,4348.84,1.28,1,2024-11-30 15:04:29.895990
000036,2.13,4.18,4.29,0.4,4.45,high_value,1.37,no,13,2.24,13826.02,11060.82,0.0,86.27,0.24,True,642.96,False,4455.91,True,33.67,4.31,1,2024-10-31 15:04:29.895990
000036,0.66,4.66,3.54,0.94,4.2,high_value,1.37,no,13,8.13,13826.02,11060.82,17.63,60.33,117.95,True,588.13,False,8674.48,True,16308.310000000001,1.81,4,2024-10-01 15:04:29.895990
000036,3.8,4.84,4.63,0.31,3.96,high_value,1.37,no,13,3.19,13826.02,11060.82,9.72,79.02,5.81,False,664.74,True,1190.87,True,802.95,1.41,3,2024-09-01 15:04:29.895990
000036,0.51,4.83,3.83,0.0,3.45,high_value,1.37,no,13,3.04,13826.02,11060.82,85.29,73.49,61.96,False,689.83,True,9295.22,False,8566.3,3.75,1,2024-08-02 15:04:29.895990
000036,2.46,4.99,3.45,0.96,3.56,high_value,1.37,no,13,1.69,13826.02,11060.82,0.0,71.68,0.0,False,930.99,True,9060.28,True,0.0,1.71,5,2024-07-03 15:04:29.895990
000025,1.51,4.73,3.7,0.1,4.83,low_value,3.67,yes,10,6.96,4802.64,3842.11,45.74,92.65,290.8,True,809.97,True,8000.06,True,13966.1,2.28,4,2024-11-30 15:04:29.895990
000025,2.23,4.7,4.95,0.81,3.23,low_value,3.67,yes,10,4.85,4802.64,3842.11,0.0,85.43,24.43,True,181.4,True,2636.85,False,1173.25,2.41,4,2024-10-31 15:04:29.895990
000025,2.12,4.54,3.83,0.79,3.67,low_value,3.67,yes,10,8.22,4802.64,3842.11,17.84,82.89,37.72,True,444.87,False,5848.73,False,1811.6100000000001,3.13,2,2024-10-01 15:04:29.895990
000025,1.92,4.37,3.84,0.58,4.39,low_value,3.67,yes,10,7.73,4802.64,3842.11,3.38,84.61,234.32,True,425.54,True,9945.15,True,11253.73,2.45,4,2024-09-01 15:04:29.895990
000025,4.79,4.88,3.12,0.35,4.7,low_value,3.67,yes,10,8.8,4802.64,3842.11,15.59,88.67,57.38,False,514.35,False,3182.48,True,2755.79,1.22,2,2024-08-02 15:04:29.895990
000025,0.59,4.54,3.29,0.73,4.39,low_value,3.67,yes,10,4.82,4802.64,3842.11,0.0,61.89,0.28,True,696.47,True,5291.44,True,13.44,1.12,3,2024-07-03 15:04:29.895990
000010,4.07,3.72,3.36,0.74,4.5,high_value,3.28,yes,4,7.29,3924.78,3139.82,100.0,70.48,130.23,False,750.3,False,8032.57,True,5111.08,2.15,2,2024-11-30 15:04:29.895990
000010,0.3,4.46,4.21,0.17,3.32,high_value,3.28,yes,4,4.57,3924.78,3139.82,18.51,74.83,83.28,False,598.74,False,9272.35,False,3268.5699999999997,3.84,4,2024-10-31 15:04:29.895990
000010,4.66,3.91,3.18,0.38,4.9,high_value,3.28,yes,4,7.69,3924.78,3139.82,39.7,74.01,50.66,True,297.02,True,8402.54,True,1988.21,4.27,4,2024-10-01 15:04:29.895990
000010,2.39,4.48,3.81,0.38,3.11,high_value,3.28,yes,4,4.34,3924.78,3139.82,7.57,74.85,229.65,False,197.56,True,4264.31,False,9013.38,1.11,3,2024-09-01 15:04:29.895990
000010,0.81,3.66,3.42,0.01,4.82,high_value,3.28,yes,4,2.69,3924.78,3139.82,29.62,67.06,52.0,True,316.3,True,9789.97,True,2040.84,3.25,4,2024-08-02 15:04:29.895990
000010,0.23,3.97,4.89,0.01,3.71,high_value,3.28,yes,4,3.54,3924.78,3139.82,0.0,73.93,0.0,True,383.03,False,7531.19,True,0.0,3.81,1,2024-07-03 15:04:29.895990
000048,0.12,4.69,3.95,0.87,3.07,high_value,4.1,no,10,2.45,9026.13,7220.9,92.45,83.88,67.24,True,896.68,True,9575.36,True,6068.969999999999,4.54,2,2024-11-30 15:04:29.895990
000048,3.84,3.74,4.93,0.52,4.46,high_value,4.1,no,10,6.86,9026.13,7220.9,7.54,92.56,101.5,False,502.73,True,4051.19,False,9161.12,3.49,4,2024-10-31 15:04:29.895990
000048,0.2,4.57,4.37,0.24,4.99,high_value,4.1,no,10,6.46,9026.13,7220.9,0.0,93.53,19.96,False,187.67,True,2283.6,False,1801.86,3.19,1,2024-10-01 15:04:29.895990
000048,2.49,4.18,3.34,0.3,3.14,high_value,4.1,no,10,6.19,9026.13,7220.9,19.9,72.37,29.37,True,261.27,False,3321.5,False,2651.1499999999996,4.91,4,2024-09-01 15:04:29.895990
000048,3.25,3.71,3.25,0.57,3.08,high_value,4.1,no,10,8.73,9026.13,7220.9,5.02,74.03,67.82,True,496.74,False,4363.15,False,6121.8,3.02,3,2024-08-02 15:04:29.895990
000048,4.39,4.99,3.09,0.98,3.11,high_value,4.1,no,10,8.12,9026.13,7220.9,0.0,84.49,0.0,True,239.11,True,3615.95,True,0.0,3.28,1,2024-07-03 15:04:29.895990
000023,2.34,4.3,4.64,0.11,3.36,low_value,2.4,no,7,1.98,11029.81,8823.85,18.18,93.58,57.4,False,791.39,True,4613.68,True,6330.77,2.27,5,2024-11-30 15:04:29.895990
000023,2.43,4.55,3.95,0.28,3.08,low_value,2.4,no,7,2.4,11029.81,8823.85,90.15,76.45,86.73,True,388.17,True,9890.3,False,9565.7,1.25,3,2024-10-31 15:04:29.895990
000023,3.95,4.97,3.43,0.21,3.05,low_value,2.4,no,7,7.83,11029.81,8823.85,0.0,74.8,13.5,False,672.12,True,2275.64,False,1489.08,2.62,3,2024-10-01 15:04:29.895990
000023,4.37,4.18,3.84,0.21,4.79,low_value,2.4,no,7,2.66,11029.81,8823.85,63.45,61.88,53.21,False,407.82,False,2480.8,False,5869.5,4.77,4,2024-09-01 15:04:29.895990
000023,2.38,4.53,3.32,0.7,3.71,low_value,2.4,no,7,7.24,11029.81,8823.85,100.0,73.62,88.86,True,604.82,True,1700.28,True,9801.2,2.29,3,2024-08-02 15:04:29.895990
000023,0.07,4.84,4.87,0.5,3.63,low_value,2.4,no,7,8.13,11029.81,8823.85,0.0,83.59,0.0,False,568.62,True,9894.15,True,0.0,3.54,5,2024-07-03 15:04:29.895990
000051,3.48,4.66,4.2,0.22,3.42,high_value,1.75,yes,3,2.72,11948.49,9558.79,27.33,83.79,44.31,True,433.23,False,1145.72,False,5294.05,3.01,1,2024-11-30 15:04:29.895990
000051,3.5,4.47,3.91,0.41,3.7,high_value,1.75,yes,3,5.88,11948.49,9558.79,39.37,78.31,16.45,False,202.04,True,5129.41,False,1965.41,1.71,5,2024-10-31 15:04:29.895990
000051,0.81,4.15,3.57,0.66,4.36,high_value,1.75,yes,3,6.71,11948.49,9558.79,99.06,84.57,76.28,True,995.83,True,1806.74,True,9114.650000000001,3.47,4,2024-10-01 15:04:29.895990
000051,0.52,4.62,4.25,0.54,4.27,high_value,1.75,yes,3,5.53,11948.49,9558.79,47.06,88.21,112.15,False,866.53,True,3005.91,False,13400.59,3.21,1,2024-09-01 15:04:29.895990
000051,0.98,4.2,3.25,0.97,4.83,high_value,1.75,yes,3,4.72,11948.49,9558.79,0.0,88.71,18.67,False,106.84,False,8039.76,False,2231.1,2.07,3,2024-08-02 15:04:29.895990
000051,1.54,4.85,4.82,0.67,3.01,high_value,1.75,yes,3,9.18,11948.49,9558.79,0.0,61.14,0.0,True,238.04,False,8566.93,False,0.0,2.34,5,2024-07-03 15:04:29.895990
000049,4.14,4.7,4.16,0.13,4.27,low_value,3.58,yes,13,9.8,5311.92,4249.54,29.68,66.08,63.91,False,565.55,False,3078.73,True,3394.7,3.02,5,2024-11-30 15:04:29.895990
000049,3.92,4.76,4.25,0.26,4.11,low_value,3.58,yes,13,9.54,5311.92,4249.54,100.0,67.13,9.05,True,123.08,True,6660.05,True,480.64,1.11,5,2024-10-31 15:04:29.895990
000049,4.6,3.62,3.76,0.74,3.26,low_value,3.58,yes,13,5.08,5311.92,4249.54,14.62,82.1,52.33,False,267.9,True,3672.3,True,2779.88,3.91,4,2024-10-01 15:04:29.895990
000049,3.85,4.49,3.55,0.93,4.25,low_value,3.58,yes,13,6.75,5311.92,4249.54,27.52,80.28,119.1,True,199.84,True,1963.69,False,6326.75,2.05,2,2024-09-01 15:04:29.895990
000049,0.46,4.24,3.72,0.84,3.78,low_value,3.58,yes,13,5.42,5311.92,4249.54,9.97,60.77,27.54,True,537.87,True,2892.66,False,1463.05,2.5,3,2024-08-02 15:04:29.895990
000049,3.17,4.18,3.32,0.3,4.81,low_value,3.58,yes,13,6.94,5311.92,4249.54,0.0,82.09,0.0,True,205.49,False,9943.66,False,0.0,4.98,5,2024-07-03 15:04:29.895990
000072,0.61,4.41,4.07,0.52,4.52,high_value,2.02,yes,17,2.95,9260.98,7408.78,8.97,72.77,45.0,True,126.55,True,2977.85,True,4167.22,2.07,4,2024-11-30 15:04:29.895990
000072,1.0,3.64,4.42,0.65,3.93,high_value,2.02,yes,17,8.28,9260.98,7408.78,15.27,75.26,28.15,False,930.11,False,2556.64,False,2606.54,4.85,1,2024-10-31 15:04:29.895990
000072,2.92,4.65,3.62,0.79,4.91,high_value,2.02,yes,17,5.39,9260.98,7408.78,95.49,90.9,13.25,False,636.7,False,8343.03,True,1226.9099999999999,3.43,4,2024-10-01 15:04:29.895990
000072,1.0,4.03,4.8,0.82,3.9,high_value,2.02,yes,17,9.01,9260.98,7408.78,94.75,93.53,21.85,False,628.18,False,6434.94,False,2023.8899999999999,2.59,1,2024-09-01 15:04:29.895990
000072,0.9,3.98,4.58,0.36,3.15,high_value,2.02,yes,17,6.91,9260.98,7408.78,0.0,73.02,43.98,False,210.07,False,7194.63,False,4073.17,1.86,5,2024-08-02 15:04:29.895990
000072,3.98,4.85,4.12,0.39,4.2,high_value,2.02,yes,17,5.75,9260.98,7408.78,0.0,63.6,0.0,False,744.64,True,6165.54,False,0.0,3.73,4,2024-07-03 15:04:29.895990
000029,2.49,4.99,3.84,0.12,3.34,high_value,4.21,no,10,3.94,5365.48,4292.38,37.87,73.4,36.14,True,356.53,True,9204.79,False,1939.04,1.52,4,2024-11-30 15:04:29.895990
000029,0.19,4.3,4.06,0.34,3.03,high_value,4.21,no,10,5.23,5365.48,4292.38,0.0,89.04,59.27,False,750.93,False,3854.71,False,3180.3200000000006,2.6,5,2024-10-31 15:04:29.895990
000029,3.87,4.24,3.09,0.3,4.97,high_value,4.21,no,10,5.44,5365.48,4292.38,94.6,82.44,136.46,True,858.77,True,1263.59,True,7321.84,4.3,2,2024-10-01 15:04:29.895990
000029,0.53,3.98,4.38,0.44,3.34,high_value,4.21,no,10,2.72,5365.48,4292.38,88.02,91.58,43.11,False,834.53,True,9406.99,True,2312.88,2.04,1,2024-09-01 15:04:29.895990
000029,0.55,4.92,3.15,0.33,4.23,high_value,4.21,no,10,8.31,5365.48,4292.38,0.0,69.45,25.93,True,932.37,False,2079.11,False,1391.4,4.45,5,2024-08-02 15:04:29.895990
000029,4.44,4.95,3.83,0.45,3.24,high_value,4.21,no,10,5.75,5365.48,4292.38,0.0,80.23,0.0,False,978.71,False,7953.8,False,0.0,1.9,3,2024-07-03 15:04:29.895990
000002,3.3,4.6,3.41,0.08,4.94,low_value,4.49,yes,9,1.54,9702.18,7761.74,0.0,60.46,9.23,True,521.34,False,2691.26,True,895.6600000000001,2.36,5,2024-11-30 15:04:29.895990
000002,3.81,4.27,3.63,0.94,4.42,low_value,4.49,yes,9,6.9,9702.18,7761.74,100.0,89.67,8.63,True,922.71,True,9250.28,False,837.67,4.9,5,2024-10-31 15:04:29.895990
000002,2.57,4.67,3.38,0.28,3.33,low_value,4.49,yes,9,3.76,9702.18,7761.74,0.0,90.44,11.6,True,232.56,True,7705.23,True,1125.03,1.07,4,2024-10-01 15:04:29.895990
000002,0.94,3.54,4.32,0.45,3.53,low_value,4.49,yes,9,9.34,9702.18,7761.74,12.56,62.94,125.74,False,290.86,False,5519.71,False,12199.039999999999,1.21,3,2024-09-01 15:04:29.895990
000002,1.85,3.57,3.77,0.93,3.39,low_value,4.49,yes,9,2.71,9702.18,7761.74,0.0,66.18,15.63,False,576.61,False,5667.57,True,1516.06,3.72,2,2024-08-02 15:04:29.895990
000002,4.79,3.83,3.11,0.04,3.53,low_value,4.49,yes,9,1.59,9702.18,7761.74,0.0,63.54,0.0,True,894.34,False,4527.17,True,0.0,1.88,3,2024-07-03 15:04:29.895990
000071,1.44,4.39,4.47,0.09,4.01,high_value,2.39,yes,15,7.3,12428.73,9942.98,0.0,76.69,10.01,False,867.31,True,2532.09,True,1243.96,1.67,3,2024-11-30 15:04:29.895990
000071,4.5,3.71,3.03,0.47,3.67,high_value,2.39,yes,15,2.6,12428.73,9942.98,67.75,69.23,42.42,True,253.65,True,6346.05,False,5272.12,3.33,4,2024-10-31 15:04:29.895990
000071,4.37,4.21,3.09,0.02,4.36,high_value,2.39,yes,15,3.62,12428.73,9942.98,57.42,67.99,20.53,True,779.49,True,1899.93,False,2551.03,2.81,3,2024-10-01 15:04:29.895990
000071,4.95,3.89,3.97,0.36,3.03,high_value,2.39,yes,15,4.17,12428.73,9942.98,0.0,84.86,10.24,False,201.48,True,2331.1,False,1272.4,4.43,2,2024-09-01 15:04:29.895990
000071,1.79,3.55,4.16,0.7,3.86,high_value,2.39,yes,15,2.86,12428.73,9942.98,100.0,63.12,9.03,False,674.86,False,8894.3,False,1122.1399999999999,4.95,5,2024-08-02 15:04:29.895990
000071,0.87,4.87,3.7,0.33,4.18,high_value,2.39,yes,15,9.51,12428.73,9942.98,0.0,69.67,0.0,True,136.99,False,8507.54,True,0.0,2.73,4,2024-07-03 15:04:29.895990
000082,4.64,3.72,4.36,0.52,3.58,low_value,1.03,no,18,6.02,4322.29,3457.83,50.72,65.69,57.3,False,359.43,False,1140.33,True,2476.46,1.87,5,2024-11-30 15:04:29.895990
000082,0.62,4.23,3.01,0.35,4.67,low_value,1.03,no,18,1.45,4322.29,3457.83,0.0,64.82,41.58,False,806.74,True,9583.17,False,1797.26,1.57,2,2024-10-31 15:04:29.895990
000082,2.16,4.88,3.58,0.03,4.87,low_value,1.03,no,18,3.24,4322.29,3457.83,11.3,83.75,135.28,False,480.31,True,9037.3,False,5847.23,3.39,2,2024-10-01 15:04:29.895990
000082,2.82,4.52,3.64,0.58,4.37,low_value,1.03,no,18,2.8,4322.29,3457.83,13.24,64.75,65.52,True,370.96,True,3676.01,False,2831.89,3.18,4,2024-09-01 15:04:29.895990
000082,3.91,4.75,3.19,0.53,4.39,low_value,1.03,no,18,5.53,4322.29,3457.83,0.65,83.98,158.26,False,521.54,False,5198.97,False,6840.32,2.85,5,2024-08-02 15:04:29.895990
000082,0.13,4.65,3.18,0.14,4.81,low_value,1.03,no,18,8.08,4322.29,3457.83,0.0,80.31,0.0,False,214.55,False,1481.82,False,0.0,1.5,1,2024-07-03 15:04:29.895990
000077,4.93,3.66,4.19,0.82,4.13,high_value,2.08,no,14,7.22,4015.91,3212.73,40.77,90.25,432.99,True,766.43,True,7314.15,True,17388.29,3.25,4,2024-11-30 15:04:29.895990
000077,0.68,4.84,4.28,0.15,4.26,high_value,2.08,no,14,7.47,4015.91,3212.73,100.0,92.78,8.67,False,661.3,True,2032.38,True,348.38,1.61,1,2024-10-31 15:04:29.895990
000077,2.6,3.87,3.21,0.02,4.01,high_value,2.08,no,14,4.52,4015.91,3212.73,0.0,92.41,215.48,False,464.1,True,8382.44,False,8653.550000000001,4.29,4,2024-10-01 15:04:29.895990
000077,4.3,4.43,3.86,0.64,3.37,high_value,2.08,no,14,8.37,4015.91,3212.73,0.0,83.01,24.76,True,560.36,True,5285.43,False,994.39,2.16,1,2024-09-01 15:04:29.895990
000077,4.8,4.24,4.34,0.39,4.4,high_value,2.08,no,14,1.97,4015.91,3212.73,4.89,74.59,157.29,False,233.35,False,5113.74,False,6316.75,1.04,3,2024-08-02 15:04:29.895990
000077,0.17,4.48,4.31,0.44,4.82,high_value,2.08,no,14,4.19,4015.91,3212.73,0.0,64.88,0.0,False,349.21,True,4219.73,True,0.0,2.4,5,2024-07-03 15:04:29.895990
000079,3.6,4.01,4.43,0.79,3.56,high_value,2.41,yes,12,7.86,10871.03,8696.82,54.75,70.6,18.5,False,161.39,False,4388.7,False,2011.6399999999999,3.42,2,2024-11-30 15:04:29.895990
000079,2.88,4.89,4.55,0.53,3.26,high_value,2.41,yes,12,3.92,10871.03,8696.82,25.47,93.43,25.13,False,626.04,False,1608.13,True,2731.74,4.41,2,2024-10-31 15:04:29.895990
000079,1.16,4.5,4.0,0.68,3.65,high_value,2.41,yes,12,3.08,10871.03,8696.82,94.11,87.01,70.21,True,194.89,True,7553.47,False,7632.9400000000005,4.02,4,2024-10-01 15:04:29.895990
000079,4.61,3.59,3.5,0.04,4.5,high_value,2.41,yes,12,4.97,10871.03,8696.82,52.32,73.1,19.82,True,931.2,False,1968.95,False,2154.36,2.51,5,2024-09-01 15:04:29.895990
000079,2.78,3.79,3.98,0.68,3.45,high_value,2.41,yes,12,7.68,10871.03,8696.82,0.0,75.19,14.2,True,177.42,True,6662.04,True,1544.02,1.81,2,2024-08-02 15:04:29.895990
000079,4.47,4.04,3.82,0.55,3.14,high_value,2.41,yes,12,2.67,10871.03,8696.82,0.0,85.55,0.0,False,271.12,True,6133.33,False,0.0,3.0,3,2024-07-03 15:04:29.895990
000011,4.37,4.35,3.25,0.52,3.2,high_value,3.5,yes,19,5.49,8266.54,6613.23,39.78,61.8,7.66,False,120.29,False,9300.46,False,632.8499999999999,2.56,3,2024-11-30 15:04:29.895990
000011,0.34,4.81,4.94,0.07,4.15,high_value,3.5,yes,19,8.68,8266.54,6613.23,40.55,92.61,33.74,False,459.3,True,5913.47,True,2789.15,3.33,3,2024-10-31 15:04:29.895990
000011,3.27,3.55,3.84,0.2,4.78,high_value,3.5,yes,19,1.53,8266.54,6613.23,0.0,67.15,3.7,False,931.76,True,3120.55,True,306.16,4.22,5,2024-10-01 15:04:29.895990
000011,4.52,4.55,4.53,0.04,4.96,high_value,3.5,yes,19,9.55,8266.54,6613.23,0.0,80.94,22.66,True,898.77,False,9519.41,False,1873.2299999999998,3.89,1,2024-09-01 15:04:29.895990
000011,0.18,4.26,4.3,0.43,3.61,high_value,3.5,yes,19,8.65,8266.54,6613.23,51.59,94.0,206.87,True,938.12,True,7962.52,True,17101.39,3.14,4,2024-08-02 15:04:29.895990
000011,3.41,4.61,4.1,0.05,4.53,high_value,3.5,yes,19,7.26,8266.54,6613.23,0.0,75.04,0.0,False,594.59,True,4941.58,False,0.0,2.41,3,2024-07-03 15:04:29.895990
000059,1.14,4.62,4.78,0.79,4.14,high_value,3.35,yes,13,9.92,5784.4,4627.52,46.86,60.52,240.59,True,831.36,True,1509.89,False,13916.420000000002,1.72,1,2024-11-30 15:04:29.895990
000059,1.57,4.4,4.78,1.0,3.26,high_value,3.35,yes,13,4.58,5784.4,4627.52,0.0,83.02,50.23,True,168.74,True,5454.36,False,2905.7699999999995,4.59,2,2024-10-31 15:04:29.895990
000059,2.22,3.95,3.73,0.55,4.74,high_value,3.35,yes,13,3.2,5784.4,4627.52,14.3,91.25,22.6,False,727.99,True,1485.98,False,1307.02,3.82,5,2024-10-01 15:04:29.895990
000059,2.43,3.62,4.82,0.84,4.04,high_value,3.35,yes,13,3.74,5784.4,4627.52,48.94,79.35,229.34,True,435.15,True,1322.81,True,13265.82,3.79,4,2024-09-01 15:04:29.895990
000059,4.77,3.53,4.67,0.27,4.18,high_value,3.35,yes,13,3.7,5784.4,4627.52,0.0,93.78,5.0,True,351.18,False,5458.22,False,288.96000000000004,2.54,1,2024-08-02 15:04:29.895990
000059,1.12,4.07,4.32,0.53,4.32,high_value,3.35,yes,13,1.28,5784.4,4627.52,0.0,86.7,0.0,True,919.05,False,9304.29,False,0.0,4.24,5,2024-07-03 15:04:29.895990
000021,4.33,4.67,4.86,0.75,4.61,low_value,3.49,yes,6,5.98,11709.44,9367.55,0.0,93.34,13.07,False,872.66,False,4814.52,False,1530.06,1.65,4,2024-11-30 15:04:29.895990
000021,2.34,4.99,3.48,0.91,3.56,low_value,3.49,yes,6,7.14,11709.44,9367.55,70.79,69.6,27.98,True,794.21,False,4037.79,False,3276.0200000000004,1.15,3,2024-10-31 15:04:29.895990
000021,1.81,4.49,4.56,0.81,4.22,low_value,3.49,yes,6,2.12,11709.44,9367.55,89.39,79.9,11.22,False,852.4,True,4994.28,True,1313.99,2.76,4,2024-10-01 15:04:29.895990
000021,0.19,4.04,4.28,0.56,3.82,low_value,3.49,yes,6,6.22,11709.44,9367.55,89.1,62.78,44.77,False,957.96,False,2618.24,False,5242.169999999999,2.04,4,2024-09-01 15:04:29.895990
000021,0.64,4.45,3.29,0.62,3.1,low_value,3.49,yes,6,2.03,11709.44,9367.55,0.0,61.35,12.16,False,621.9,True,5980.67,True,1423.6100000000001,1.24,3,2024-08-02 15:04:29.895990
000021,4.88,3.52,4.69,0.85,4.08,low_value,3.49,yes,6,1.4,11709.44,9367.55,0.0,68.21,0.0,True,169.73,False,2018.64,True,0.0,1.95,3,2024-07-03 15:04:29.895990
000006,1.42,3.54,4.21,0.36,4.95,low_value,2.71,no,18,9.08,3856.72,3085.38,38.66,73.12,16.29,False,659.72,True,4314.72,False,628.15,4.72,5,2024-11-30 15:04:29.895990
000006,0.13,4.41,4.62,0.51,4.56,low_value,2.71,no,18,5.57,3856.72,3085.38,92.38,80.35,240.69,False,945.95,False,8476.54,True,9282.7,3.63,2,2024-10-31 15:04:29.895990
000006,1.91,5.0,3.16,0.08,4.87,low_value,2.71,no,18,3.02,3856.72,3085.38,85.51,77.62,28.78,False,585.07,True,8628.36,True,1110.07,3.43,5,2024-10-01 15:04:29.895990
000006,2.6,3.98,3.39,0.58,4.82,low_value,2.71,no,18,3.96,3856.72,3085.38,87.36,87.97,25.31,False,307.8,False,7733.69,True,976.09,3.77,4,2024-09-01 15:04:29.895990
000006,3.66,4.82,3.72,0.35,4.01,low_value,2.71,no,18,9.23,3856.72,3085.38,0.0,82.87,13.91,True,504.07,False,3067.87,True,536.47,4.7,2,2024-08-02 15:04:29.895990
000006,3.88,4.11,4.17,0.14,3.52,low_value,2.71,no,18,3.58,3856.72,3085.38,0.0,70.98,0.0,True,467.65,True,6184.11,True,0.0,4.6,4,2024-07-03 15:04:29.895990
000052,3.56,4.2,3.2,0.87,4.67,high_value,4.06,yes,0,1.22,8023.51,6418.81,100.0,65.84,6.05,True,219.14,False,9138.34,False,485.8,1.51,5,2024-11-30 15:04:29.895990
000052,1.21,3.94,3.67,0.82,3.67,high_value,4.06,yes,0,6.48,8023.51,6418.81,11.0,63.77,31.99,True,166.38,False,9549.27,False,2566.37,3.52,4,2024-10-31 15:04:29.895990
000052,1.45,4.22,3.27,0.18,4.53,high_value,4.06,yes,0,9.25,8023.51,6418.81,42.41,92.78,38.3,True,237.03,True,6341.98,False,3073.14,3.7,4,2024-10-01 15:04:29.895990
000052,1.9,4.16,4.02,0.59,4.89,high_value,4.06,yes,0,1.87,8023.51,6418.81,39.66,70.41,8.98,False,143.46,False,3567.31,False,720.12,2.27,2,2024-09-01 15:04:29.895990
000052,4.77,3.56,4.89,0.88,4.46,high_value,4.06,yes,0,4.87,8023.51,6418.81,71.7,69.74,64.9,False,189.52,False,2490.33,False,5206.91,2.1,4,2024-08-02 15:04:29.895990
000052,1.12,3.75,4.88,0.26,4.21,high_value,4.06,yes,0,1.96,8023.51,6418.81,0.0,68.11,0.0,False,226.9,True,5969.47,True,0.0,1.11,1,2024-07-03 15:04:29.895990
000078,1.85,3.92,4.9,0.43,3.89,high_value,4.29,yes,17,2.14,8860.39,7088.31,47.46,75.88,11.78,True,744.63,True,4999.65,False,1043.49,2.97,1,2024-11-30 15:04:29.895990
000078,4.32,4.99,4.46,0.12,3.71,high_value,4.29,yes,17,1.71,8860.39,7088.31,30.85,87.77,15.29,True,394.4,False,3484.97,True,1354.3400000000001,3.83,3,2024-10-31 15:04:29.895990
000078,4.46,3.56,3.2,0.71,4.04,high_value,4.29,yes,17,2.71,8860.39,7088.31,5.23,79.54,13.58,True,954.26,True,3213.22,False,1202.96,4.49,2,2024-10-01 15:04:29.895990
000078,3.37,3.9,3.3,0.81,4.47,high_value,4.29,yes,17,3.54,8860.39,7088.31,34.21,66.95,163.68,True,955.75,True,1028.78,True,14502.61,2.96,5,2024-09-01 15:04:29.895990
000078,1.04,3.77,3.84,0.26,3.76,high_value,4.29,yes,17,6.26,8860.39,7088.31,100.0,82.32,1.61,False,577.42,True,8901.01,True,142.43,4.5,4,2024-08-02 15:04:29.895990
000078,2.45,4.45,4.2,0.54,3.59,high_value,4.29,yes,17,2.97,8860.39,7088.31,0.0,93.7,0.0,False,477.63,False,3928.57,False,0.0,1.46,4,2024-07-03 15:04:29.895990
000055,3.87,4.23,4.61,0.49,3.82,low_value,3.82,yes,10,3.11,11363.62,9090.9,93.56,70.18,66.61,True,900.83,False,1547.23,False,7569.780000000001,2.05,3,2024-11-30 15:04:29.895990
000055,2.06,4.71,3.85,0.26,3.11,low_value,3.82,yes,10,5.37,11363.62,9090.9,35.89,67.66,9.9,True,377.66,False,2991.79,True,1125.42,3.14,1,2024-10-31 15:04:29.895990
000055,4.74,4.42,3.66,0.6,3.04,low_value,3.82,yes,10,7.5,11363.62,9090.9,31.31,88.08,6.2,True,802.39,False,9210.06,True,705.06,3.62,5,2024-10-01 15:04:29.895990
000055,1.05,4.3,4.97,0.84,3.79,low_value,3.82,yes,10,7.46,11363.62,9090.9,77.72,70.16,62.15,True,919.59,False,4720.56,True,7062.62,4.76,1,2024-09-01 15:04:29.895990
000055,4.23,4.63,4.05,0.5,4.58,low_value,3.82,yes,10,1.38,11363.62,9090.9,74.5,69.91,23.78,True,307.0,True,1304.0,True,2702.5499999999997,4.25,4,2024-08-02 15:04:29.895990
000055,3.28,3.7,4.48,0.27,3.17,low_value,3.82,yes,10,1.67,11363.62,9090.9,0.0,85.27,0.0,False,118.14,True,1860.01,False,0.0,1.78,5,2024-07-03 15:04:29.895990
000076,1.37,3.8,3.53,0.66,3.94,low_value,1.09,no,9,3.62,9148.27,7318.62,100.0,63.26,66.92,False,604.9,False,3559.81,True,6122.17,2.53,4,2024-11-30 15:04:29.895990
000076,3.64,4.93,4.53,0.71,3.9,low_value,1.09,no,9,6.2,9148.27,7318.62,18.31,60.87,65.19,True,502.38,False,6068.38,False,5963.75,2.33,1,2024-10-31 15:04:29.895990
000076,0.48,3.75,4.73,0.49,3.5,low_value,1.09,no,9,2.27,9148.27,7318.62,7.76,81.58,130.74,False,571.07,True,1530.4,False,11960.24,2.01,3,2024-10-01 15:04:29.895990
000076,3.7,4.75,3.07,0.69,4.2,low_value,1.09,no,9,8.84,9148.27,7318.62,56.63,69.39,194.92,True,779.53,False,5910.3,False,17831.57,4.84,2,2024-09-01 15:04:29.895990
000076,1.61,4.56,4.03,0.86,4.99,low_value,1.09,no,9,1.73,9148.27,7318.62,0.0,63.68,28.42,True,438.12,True,2458.84,True,2600.34,1.66,4,2024-08-02 15:04:29.895990
000076,4.35,3.67,4.77,0.5,4.25,low_value,1.09,no,9,5.72,9148.27,7318.62,0.0,64.9,0.0,False,459.47,False,2058.25,False,0.0,3.88,3,2024-07-03 15:04:29.895990
000019,1.45,4.53,4.61,0.95,3.74,low_value,1.66,no,16,6.44,9765.72,7812.58,88.49,76.52,101.75,True,942.58,True,2478.14,False,9936.18,1.04,4,2024-11-30 15:04:29.895990
000019,0.9,4.21,4.99,0.01,4.4,low_value,1.66,no,16,2.79,9765.72,7812.58,14.38,63.28,63.77,False,397.93,True,6624.75,True,6227.129999999999,1.27,5,2024-10-31 15:04:29.895990
000019,4.42,4.02,3.03,0.19,3.57,low_value,1.66,no,16,9.2,9765.72,7812.58,64.9,74.92,9.57,False,430.55,False,9408.77,True,934.43,1.31,2,2024-10-01 15:04:29.895990
000019,0.51,3.82,3.36,0.56,3.25,low_value,1.66,no,16,5.7,9765.72,7812.58,33.14,82.57,167.68,False,397.14,False,9699.93,False,16374.810000000001,1.84,1,2024-09-01 15:04:29.895990
000019,3.92,4.98,3.18,0.8,3.29,low_value,1.66,no,16,2.48,9765.72,7812.58,15.74,90.61,31.92,False,170.01,True,2232.77,False,3116.7799999999997,2.7,4,2024-08-02 15:04:29.895990
000019,1.64,4.25,3.23,0.56,3.75,low_value,1.66,no,16,4.47,9765.72,7812.58,0.0,76.61,0.0,False,854.78,False,5776.17,True,0.0,4.82,3,2024-07-03 15:04:29.895990
000015,3.43,4.34,3.87,0.35,3.05,low_value,4.16,no,4,4.29,8881.12,7104.9,32.51,76.31,27.86,False,755.64,True,6552.77,True,2474.2599999999998,2.53,2,2024-11-30 15:04:29.895990
000015,4.67,4.99,3.39,0.36,3.39,low_value,4.16,no,4,6.28,8881.12,7104.9,88.37,71.5,62.13,False,924.23,True,6460.97,True,5517.7699999999995,3.59,4,2024-10-31 15:04:29.895990
000015,1.99,4.99,4.41,0.27,3.11,low_value,4.16,no,4,6.15,8881.12,7104.9,13.54,61.06,147.13,False,997.51,False,5412.7,False,13067.15,4.0,5,2024-10-01 15:04:29.895990
000015,4.04,3.56,3.06,0.89,3.31,low_value,4.16,no,4,7.63,8881.12,7104.9,40.3,90.48,31.24,True,174.54,True,1504.43,True,2774.04,2.26,5,2024-09-01 15:04:29.895990
000015,1.39,4.78,4.31,0.74,3.67,low_value,4.16,no,4,7.05,8881.12,7104.9,4.73,91.49,92.69,True,915.15,False,5647.06,False,8231.880000000001,2.67,1,2024-08-02 15:04:29.895990
000015,0.32,4.74,4.0,0.73,3.17,low_value,4.16,no,4,4.99,8881.12,7104.9,0.0,69.64,0.0,True,719.85,False,2556.71,True,0.0,2.24,5,2024-07-03 15:04:29.895990
000001,0.43,4.9,3.18,0.92,3.37,low_value,4.34,yes,11,1.78,8595.03,6876.02,41.3,71.11,80.62,True,790.05,True,2957.73,False,6929.25,2.84,2,2024-11-30 15:04:29.895990
000001,1.54,4.52,4.89,0.86,4.49,low_value,4.34,yes,11,7.64,8595.03,6876.02,37.3,70.87,27.45,False,735.32,True,3510.67,False,2358.95,2.66,2,2024-10-31 15:04:29.895990
000001,1.36,3.8,4.96,0.26,3.88,low_value,4.34,yes,11,1.83,8595.03,6876.02,6.72,72.43,72.27,False,413.97,False,8465.5,True,6211.57,1.15,5,2024-10-01 15:04:29.895990
000001,1.93,4.31,3.42,0.7,3.69,low_value,4.34,yes,11,8.3,8595.03,6876.02,56.17,87.87,58.21,True,407.96,False,1816.82,True,5003.4800000000005,2.03,4,2024-09-01 15:04:29.895990
000001,1.3,4.88,4.03,0.63,3.95,low_value,4.34,yes,11,5.21,8595.03,6876.02,50.18,71.3,46.05,False,692.47,True,3901.35,True,3957.65,3.52,1,2024-08-02 15:04:29.895990
000001,0.79,4.21,3.67,0.9,3.37,low_value,4.34,yes,11,4.22,8595.03,6876.02,0.0,65.7,0.0,True,776.84,False,8282.99,False,0.0,3.37,4,2024-07-03 15:04:29.895990
000067,1.69,4.52,3.6,0.97,4.75,high_value,2.49,no,12,7.87,6030.9,4824.72,24.38,91.53,29.4,True,478.89,False,9585.84,False,1773.01,3.37,2,2024-11-30 15:04:29.895990
000067,2.56,4.88,4.77,0.97,4.89,high_value,2.49,no,12,2.79,6030.9,4824.72,78.31,94.03,200.34,True,216.9,False,8097.12,True,12082.19,4.88,3,2024-10-31 15:04:29.895990
000067,3.96,3.71,3.69,0.4,3.92,high_value,2.49,no,12,6.93,6030.9,4824.72,0.0,67.01,25.99,True,371.15,True,2661.34,True,1567.73,2.75,2,2024-10-01 15:04:29.895990
000067,0.77,4.33,4.55,0.0,3.32,high_value,2.49,no,12,1.9,6030.9,4824.72,70.34,79.24,38.62,False,728.9,False,7015.93,False,2329.15,3.82,1,2024-09-01 15:04:29.895990
000067,1.94,3.98,4.87,0.4,3.65,high_value,2.49,no,12,3.55,6030.9,4824.72,28.54,83.62,58.42,False,637.24,True,4121.8,True,3523.5199999999995,1.89,5,2024-08-02 15:04:29.895990
000067,0.89,3.85,3.72,0.5,3.0,high_value,2.49,no,12,6.39,6030.9,4824.72,0.0,73.94,0.0,True,681.02,True,5499.55,True,0.0,1.84,4,2024-07-03 15:04:29.895990
000056,1.42,4.08,4.64,0.03,4.92,low_value,2.7,no,2,4.8,10848.54,8678.83,20.53,65.72,13.51,True,518.43,True,4116.58,True,1465.6599999999999,3.62,4,2024-11-30 15:04:29.895990
000056,4.02,3.52,3.64,0.57,3.77,low_value,2.7,no,2,5.09,10848.54,8678.83,88.94,77.01,61.63,False,480.21,True,3726.59,False,6685.800000000001,3.97,1,2024-10-31 15:04:29.895990
000056,3.02,4.7,3.9,0.37,3.95,low_value,2.7,no,2,4.02,10848.54,8678.83,45.19,78.73,12.62,False,200.5,True,9826.61,False,1369.21,4.48,1,2024-10-01 15:04:29.895990
000056,0.75,4.01,4.87,0.59,3.4,low_value,2.7,no,2,8.32,10848.54,8678.83,9.17,85.47,14.55,False,491.4,False,3535.43,True,1578.94,4.47,4,2024-09-01 15:04:29.895990
000056,1.84,4.83,4.37,0.25,3.67,low_value,2.7,no,2,3.67,10848.54,8678.83,0.0,88.67,7.13,False,260.86,False,4753.54,False,773.22,2.3,1,2024-08-02 15:04:29.895990
000056,2.98,4.04,3.07,0.74,3.5,low_value,2.7,no,2,1.76,10848.54,8678.83,0.0,63.31,0.0,True,669.63,False,9034.45,False,0.0,4.89,5,2024-07-03 15:04:29.895990
000063,0.73,4.97,4.28,0.88,3.76,high_value,2.49,no,7,9.82,3918.43,3134.74,7.72,62.76,300.88,False,480.28,True,2655.37,False,11789.58,3.89,1,2024-11-30 15:04:29.895990
000063,4.18,4.15,3.23,0.19,3.52,high_value,2.49,no,7,3.73,3918.43,3134.74,30.96,77.99,31.09,True,724.83,True,4368.13,False,1218.32,1.86,4,2024-10-31 15:04:29.895990
000063,1.37,4.53,3.37,0.5,3.09,high_value,2.49,no,7,4.59,3918.43,3134.74,84.01,66.34,215.66,False,345.41,False,2864.23,False,8450.539999999999,3.63,3,2024-10-01 15:04:29.895990
000063,1.34,4.4,4.95,0.32,3.44,high_value,2.49,no,7,1.16,3918.43,3134.74,23.7,71.36,132.56,True,650.25,False,6291.23,False,5194.13,3.17,4,2024-09-01 15:04:29.895990
000063,4.65,3.52,3.68,0.35,3.89,high_value,2.49,no,7,5.16,3918.43,3134.74,19.83,85.99,41.43,True,579.02,True,7056.87,False,1623.27,2.61,5,2024-08-02 15:04:29.895990
000063,4.84,4.45,4.12,0.35,3.42,high_value,2.49,no,7,9.86,3918.43,3134.74,0.0,72.92,0.0,False,775.77,False,7070.51,True,0.0,1.62,5,2024-07-03 15:04:29.895990
000083,3.76,3.93,4.49,0.99,3.75,low_value,4.06,no,5,5.84,7984.72,6387.78,68.59,73.25,30.78,True,187.28,True,2901.75,True,2457.79,3.28,2,2024-11-30 15:04:29.895990
000083,4.32,4.65,4.97,0.98,4.1,low_value,4.06,no,5,4.17,7984.72,6387.78,0.0,67.62,120.84,False,387.46,False,6672.48,False,9649.07,3.01,5,2024-10-31 15:04:29.895990
000083,1.96,4.79,3.99,0.46,4.65,low_value,4.06,no,5,5.05,7984.72,6387.78,63.48,92.34,164.17,True,460.05,True,5793.99,False,13108.68,4.05,2,2024-10-01 15:04:29.895990
000083,3.42,3.65,4.16,0.42,3.84,low_value,4.06,no,5,2.7,7984.72,6387.78,4.1,61.02,95.54,True,224.71,True,6396.11,False,7628.86,4.78,3,2024-09-01 15:04:29.895990
000083,3.05,3.75,4.25,0.68,4.9,low_value,4.06,no,5,1.2,7984.72,6387.78,100.0,81.05,5.31,False,596.85,True,8652.78,True,423.78,2.83,2,2024-08-02 15:04:29.895990
000083,0.88,4.91,4.84,0.32,3.59,low_value,4.06,no,5,9.05,7984.72,6387.78,0.0,67.25,0.0,False,513.27,False,9907.42,True,0.0,4.89,5,2024-07-03 15:04:29.895990
000026,1.22,4.58,3.14,0.75,4.36,low_value,4.64,yes,20,4.66,13465.03,10772.02,15.71,78.19,41.3,False,875.95,True,8047.38,False,5560.639999999999,4.53,5,2024-11-30 15:04:29.895990
000026,0.6,4.66,4.29,0.53,3.05,low_value,4.64,yes,20,5.33,13465.03,10772.02,32.44,85.41,10.84,False,830.5,True,4270.36,False,1459.2,2.71,1,2024-10-31 15:04:29.895990
000026,0.52,4.77,4.52,0.58,4.58,low_value,4.64,yes,20,7.5,13465.03,10772.02,44.97,72.83,16.06,False,227.76,True,8159.98,True,2162.59,2.06,3,2024-10-01 15:04:29.895990
000026,3.21,3.61,4.8,0.49,3.49,low_value,4.64,yes,20,3.34,13465.03,10772.02,28.3,70.34,16.54,False,397.6,False,7296.06,False,2227.05,3.38,2,2024-09-01 15:04:29.895990
000026,0.74,3.93,3.44,0.37,3.73,low_value,4.64,yes,20,3.62,13465.03,10772.02,98.96,93.07,35.22,True,610.88,False,5277.56,False,4741.999999999999,3.69,2,2024-08-02 15:04:29.895990
000026,3.72,4.54,3.29,0.29,3.77,low_value,4.64,yes,20,6.73,13465.03,10772.02,0.0,60.98,0.0,True,624.91,True,6258.11,False,0.0,2.46,5,2024-07-03 15:04:29.895990
000024,1.72,3.73,4.71,0.31,3.75,low_value,1.68,no,16,8.79,10421.52,8337.22,71.7,76.98,16.97,True,883.7,False,2578.49,False,1768.35,1.06,1,2024-11-30 15:04:29.895990
000024,1.71,3.96,3.45,0.28,4.56,low_value,1.68,no,16,8.1,10421.52,8337.22,76.77,82.75,71.48,False,548.91,True,8559.79,True,7449.4,3.97,3,2024-10-31 15:04:29.895990
000024,3.32,4.1,3.2,0.33,3.13,low_value,1.68,no,16,5.98,10421.52,8337.22,28.5,78.72,20.81,True,973.39,True,5019.7,True,2168.78,1.98,2,2024-10-01 15:04:29.895990
000024,3.45,4.48,3.49,0.69,3.91,low_value,1.68,no,16,1.36,10421.52,8337.22,43.42,81.32,22.26,False,182.22,True,7600.04,True,2319.45,4.62,2,2024-09-01 15:04:29.895990
000024,2.61,3.59,3.46,0.59,4.16,low_value,1.68,no,16,5.18,10421.52,8337.22,0.0,78.79,9.97,True,386.97,True,2767.83,True,1038.9099999999999,2.77,4,2024-08-02 15:04:29.895990
000024,0.99,4.31,3.43,0.49,4.14,low_value,1.68,no,16,6.24,10421.52,8337.22,0.0,90.14,0.0,True,747.98,False,7996.56,True,0.0,3.36,5,2024-07-03 15:04:29.895990
000034,2.46,3.76,4.01,0.51,4.9,low_value,3.41,yes,14,3.7,12054.72,9643.78,79.36,90.35,85.95,True,407.03,False,6633.3,True,10360.9,4.91,2,2024-11-30 15:04:29.895990
000034,2.44,3.98,4.95,0.47,3.33,low_value,3.41,yes,14,1.59,12054.72,9643.78,100.0,75.12,1.83,False,185.11,False,4081.89,True,220.92,1.77,1,2024-10-31 15:04:29.895990
000034,3.81,3.82,4.0,0.32,4.06,low_value,3.41,yes,14,1.93,12054.72,9643.78,9.87,70.5,64.85,True,613.91,True,3913.89,True,7816.889999999999,4.07,2,2024-10-01 15:04:29.895990
000034,4.26,4.42,3.31,0.96,4.96,low_value,3.41,yes,14,6.88,12054.72,9643.78,80.76,87.61,64.12,False,305.85,False,5247.84,False,7729.4800000000005,2.48,3,2024-09-01 15:04:29.895990
000034,1.67,4.03,4.49,0.45,3.85,low_value,3.41,yes,14,4.54,12054.72,9643.78,66.66,74.6,13.85,False,149.78,False,4182.51,True,1669.36,4.9,3,2024-08-02 15:04:29.895990
000034,0.1,4.56,3.42,0.72,3.59,low_value,3.41,yes,14,4.36,12054.72,9643.78,0.0,71.26,0.0,False,393.12,True,8177.27,False,0.0,4.43,1,2024-07-03 15:04:29.895990
000037,3.61,4.2,4.94,0.05,4.32,high_value,2.92,yes,2,7.19,6905.8,5524.64,56.46,91.81,62.03,False,324.86,False,1533.85,True,4283.58,3.56,3,2024-11-30 15:04:29.895990
000037,2.69,4.16,3.57,0.47,4.76,high_value,2.92,yes,2,1.67,6905.8,5524.64,36.44,94.2,15.5,False,841.88,True,6308.27,True,1070.4199999999998,3.25,4,2024-10-31 15:04:29.895990
000037,1.23,4.36,4.53,0.26,4.06,high_value,2.92,yes,2,3.62,6905.8,5524.64,88.06,60.76,13.45,True,883.65,False,9614.8,False,928.63,4.62,4,2024-10-01 15:04:29.895990
000037,3.74,3.82,3.64,0.23,3.72,high_value,2.92,yes,2,2.79,6905.8,5524.64,37.44,94.0,36.28,False,329.82,True,2262.43,False,2505.6099999999997,2.71,4,2024-09-01 15:04:29.895990
000037,3.99,4.75,3.12,0.99,3.75,high_value,2.92,yes,2,6.09,6905.8,5524.64,34.58,94.85,37.94,False,811.12,False,3543.82,False,2620.3,3.54,1,2024-08-02 15:04:29.895990
000037,2.83,4.96,4.56,0.53,4.6,high_value,2.92,yes,2,8.62,6905.8,5524.64,0.0,63.07,0.0,False,649.03,True,7767.17,False,0.0,4.27,4,2024-07-03 15:04:29.895990
000027,1.7,4.29,4.39,0.82,3.86,low_value,3.59,yes,14,1.19,3876.31,3101.05,0.0,80.12,132.24,True,661.32,False,1169.84,True,5125.88,2.29,2,2024-11-30 15:04:29.895990
000027,1.29,3.83,4.35,0.33,3.92,low_value,3.59,yes,14,6.99,3876.31,3101.05,14.45,86.95,9.86,False,903.92,True,2699.63,True,382.28999999999996,1.82,2,2024-10-31 15:04:29.895990
000027,0.5,4.3,4.89,0.04,3.25,low_value,3.59,yes,14,4.14,3876.31,3101.05,89.35,62.42,271.76,False,935.62,True,2815.31,True,10534.239999999998,2.7,3,2024-10-01 15:04:29.895990
000027,1.16,4.88,4.54,0.03,4.76,low_value,3.59,yes,14,9.5,3876.31,3101.05,22.49,64.31,38.86,False,122.88,True,4423.75,False,1506.33,2.75,2,2024-09-01 15:04:29.895990
000027,1.03,4.07,4.63,0.09,3.35,low_value,3.59,yes,14,9.22,3876.31,3101.05,36.46,85.36,35.07,True,246.59,True,2083.22,False,1359.3899999999999,3.96,3,2024-08-02 15:04:29.895990
000027,3.75,3.98,3.38,0.99,4.6,low_value,3.59,yes,14,4.24,3876.31,3101.05,0.0,68.93,0.0,True,950.41,True,1065.3,False,0.0,2.6,1,2024-07-03 15:04:29.895990
000054,4.24,3.95,5.0,0.08,4.29,low_value,2.74,no,11,4.51,13038.42,10430.74,52.05,76.5,21.95,False,756.67,False,1408.33,True,2861.75,1.71,1,2024-11-30 15:04:29.895990
000054,0.64,3.73,4.39,0.76,3.12,low_value,2.74,no,11,8.22,13038.42,10430.74,0.0,90.32,7.02,False,434.53,False,8409.26,False,915.86,1.69,5,2024-10-31 15:04:29.895990
000054,4.83,4.61,4.62,0.18,4.76,low_value,2.74,no,11,1.98,13038.42,10430.74,0.0,65.68,8.15,False,283.67,False,6627.81,False,1062.95,3.49,1,2024-10-01 15:04:29.895990
000054,3.92,4.0,4.78,0.03,4.74,low_value,2.74,no,11,9.22,13038.42,10430.74,51.25,61.63,39.03,False,786.25,True,2423.55,True,5088.3,2.39,2,2024-09-01 15:04:29.895990
000054,0.46,4.98,3.22,0.48,4.97,low_value,2.74,no,11,8.71,13038.42,10430.74,31.29,78.79,10.4,True,871.22,True,3802.88,False,1356.56,4.6,3,2024-08-02 15:04:29.895990
000054,0.64,4.48,3.73,0.61,4.43,low_value,2.74,no,11,5.3,13038.42,10430.74,0.0,86.21,0.0,True,213.25,True,8249.03,True,0.0,1.9,1,2024-07-03 15:04:29.895990
000018,1.13,3.78,4.32,0.33,4.95,low_value,1.42,no,3,7.02,13643.02,10914.42,48.37,78.2,8.7,False,783.9,True,3951.5,False,1186.98,3.64,5,2024-11-30 15:04:29.895990
000018,3.68,4.78,4.5,0.8,4.26,low_value,1.42,no,3,8.15,13643.02,10914.42,21.04,94.28,7.3,True,228.66,True,8518.41,True,995.8299999999999,1.65,3,2024-10-31 15:04:29.895990
000018,0.06,4.22,4.72,0.19,4.74,low_value,1.42,no,3,9.74,13643.02,10914.42,0.0,74.2,50.69,True,507.87,False,5912.91,True,6915.32,3.98,5,2024-10-01 15:04:29.895990
000018,4.62,4.01,4.79,0.26,4.61,low_value,1.42,no,3,5.39,13643.02,10914.42,84.34,79.21,69.66,True,701.21,False,7869.42,False,9503.48,1.25,3,2024-09-01 15:04:29.895990
000018,2.13,3.54,4.09,0.09,4.95,low_value,1.42,no,3,8.47,13643.02,10914.42,12.25,64.21,8.58,False,213.67,False,3763.27,False,1171.12,3.21,1,2024-08-02 15:04:29.895990
000018,4.83,4.96,3.37,0.82,4.77,low_value,1.42,no,3,5.6,13643.02,10914.42,0.0,64.96,0.0,True,798.32,True,7600.71,False,0.0,3.1,2,2024-07-03 15:04:29.895990
000003,4.99,3.75,3.32,0.68,4.27,low_value,3.77,yes,18,8.73,9473.49,7578.79,0.0,67.92,29.04,True,586.74,False,8724.66,False,2750.79,1.2,4,2024-11-30 15:04:29.895990
000003,1.48,4.85,4.94,0.89,3.94,low_value,3.77,yes,18,2.23,9473.49,7578.79,23.04,92.84,30.75,True,167.38,False,2878.79,True,2912.95,1.24,4,2024-10-31 15:04:29.895990
000003,0.7,4.22,3.32,0.97,4.95,low_value,3.77,yes,18,9.81,9473.49,7578.79,0.0,73.69,86.83,True,681.48,False,6322.75,True,8225.380000000001,4.34,1,2024-10-01 15:04:29.895990
000003,1.13,4.92,3.28,0.4,4.45,low_value,3.77,yes,18,6.27,9473.49,7578.79,100.0,83.53,5.01,True,499.04,False,7845.26,True,474.81,3.55,5,2024-09-01 15:04:29.895990
000003,1.56,3.65,4.26,0.47,4.32,low_value,3.77,yes,18,3.69,9473.49,7578.79,0.0,64.37,7.34,False,238.31,False,8877.12,True,695.4599999999999,2.53,3,2024-08-02 15:04:29.895990
000003,0.56,4.2,4.17,0.88,4.38,low_value,3.77,yes,18,8.15,9473.49,7578.79,0.0,86.55,0.0,True,570.56,True,9978.45,False,0.0,1.97,4,2024-07-03 15:04:29.895990
000030,1.4,4.59,3.55,0.25,4.02,high_value,4.46,no,13,4.78,10656.72,8525.38,76.59,89.27,65.84,False,174.78,True,7417.86,False,7016.33,1.97,4,2024-11-30 15:04:29.895990
000030,1.11,4.15,3.53,1.0,4.65,high_value,4.46,no,13,5.39,10656.72,8525.38,49.93,81.23,52.59,False,645.97,False,1378.91,True,5603.99,3.36,1,2024-10-31 15:04:29.895990
000030,2.88,3.68,4.53,0.36,4.35,high_value,4.46,no,13,9.13,10656.72,8525.38,0.0,74.76,41.47,False,746.46,True,4125.74,False,4419.68,4.41,5,2024-10-01 15:04:29.895990
000030,4.32,3.56,3.8,0.81,4.49,high_value,4.46,no,13,4.89,10656.72,8525.38,83.75,91.78,71.41,True,610.24,True,6674.69,False,7609.780000000001,1.4,4,2024-09-01 15:04:29.895990
000030,4.01,4.59,4.7,0.25,4.64,high_value,4.46,no,13,4.1,10656.72,8525.38,19.64,94.08,8.35,True,348.97,True,3920.61,False,889.5600000000001,4.07,2,2024-08-02 15:04:29.895990
000030,1.05,4.66,4.09,0.32,3.8,high_value,4.46,no,13,4.14,10656.72,8525.38,0.0,88.54,0.0,False,870.98,False,4166.24,True,0.0,2.27,3,2024-07-03 15:04:29.895990
000032,0.93,4.07,3.53,0.71,3.7,low_value,2.99,yes,3,8.25,6755.09,5404.07,85.45,91.35,21.19,True,963.38,False,1143.35,True,1431.07,3.33,5,2024-11-30 15:04:29.895990
000032,3.5,4.34,4.51,0.54,3.8,low_value,2.99,yes,3,7.26,6755.09,5404.07,48.42,66.95,22.05,True,740.5,False,8669.88,True,1489.43,3.86,5,2024-10-31 15:04:29.895990
000032,1.77,3.7,3.77,0.85,4.47,low_value,2.99,yes,3,8.89,6755.09,5404.07,39.85,87.95,20.31,True,391.45,True,4982.82,True,1371.67,1.98,2,2024-10-01 15:04:29.895990
000032,3.34,3.91,3.99,0.83,4.97,low_value,2.99,yes,3,3.21,6755.09,5404.07,22.35,67.9,26.43,True,230.84,False,3193.12,True,1785.12,4.43,4,2024-09-01 15:04:29.895990
000032,4.19,4.12,4.1,0.57,3.82,low_value,2.99,yes,3,8.63,6755.09,5404.07,8.93,80.33,124.89,False,772.11,False,8230.83,False,8436.72,2.73,3,2024-08-02 15:04:29.895990
000032,4.5,4.91,3.64,0.36,4.92,low_value,2.99,yes,3,2.21,6755.09,5404.07,0.0,90.1,0.0,True,816.0,True,1869.59,False,0.0,3.14,1,2024-07-03 15:04:29.895990
000074,2.77,4.98,3.93,0.57,3.11,low_value,3.58,yes,19,6.57,11610.77,9288.62,15.16,77.4,13.53,False,158.19,True,1199.04,False,1571.43,3.24,1,2024-11-30 15:04:29.895990
000074,4.48,4.21,4.41,0.06,3.71,low_value,3.58,yes,19,9.59,11610.77,9288.62,11.91,69.66,91.9,False,952.62,True,7422.51,False,10670.06,2.72,2,2024-10-31 15:04:29.895990
000074,4.93,3.82,3.9,0.54,4.35,low_value,3.58,yes,19,3.97,11610.77,9288.62,0.0,79.95,10.14,False,229.81,False,8764.61,True,1176.97,3.85,3,2024-10-01 15:04:29.895990
000074,2.94,4.66,3.14,0.06,3.83,low_value,3.58,yes,19,2.45,11610.77,9288.62,0.0,66.81,7.69,True,852.17,True,6844.66,False,892.86,3.91,3,2024-09-01 15:04:29.895990
000074,0.45,4.92,4.15,0.95,3.77,low_value,3.58,yes,19,4.67,11610.77,9288.62,71.93,84.37,5.22,True,862.54,True,1862.77,False,606.24,1.71,4,2024-08-02 15:04:29.895990
000074,4.4,4.25,3.37,0.4,3.45,low_value,3.58,yes,19,9.87,11610.77,9288.62,0.0,82.16,0.0,False,506.55,True,5714.81,True,0.0,4.52,1,2024-07-03 15:04:29.895990
000060,4.93,3.52,3.65,0.31,4.6,low_value,1.01,yes,17,6.11,4145.88,3316.7,2.83,73.12,172.19,True,960.14,True,6728.34,False,7138.709999999999,1.73,2,2024-11-30 15:04:29.895990
000060,4.88,3.65,4.37,0.15,3.75,low_value,1.01,yes,17,2.59,4145.88,3316.7,30.5,75.42,45.4,True,556.6,False,1273.08,True,1882.1799999999998,4.74,1,2024-10-31 15:04:29.895990
000060,4.04,3.97,3.58,0.35,3.36,low_value,1.01,yes,17,5.67,4145.88,3316.7,0.0,91.51,89.76,False,273.84,True,9976.08,False,3721.27,4.75,5,2024-10-01 15:04:29.895990
000060,4.16,4.68,4.89,0.67,3.13,low_value,1.01,yes,17,3.22,4145.88,3316.7,0.0,64.95,24.84,False,269.51,False,1374.31,True,1030.0,4.67,4,2024-09-01 15:04:29.895990
000060,4.05,4.86,4.42,0.84,3.2,low_value,1.01,yes,17,5.68,4145.88,3316.7,68.51,83.22,114.38,False,920.68,False,7812.31,True,4742.1900000000005,2.13,2,2024-08-02 15:04:29.895990
000060,2.24,3.8,4.89,0.43,3.87,low_value,1.01,yes,17,1.74,4145.88,3316.7,0.0,60.83,0.0,True,389.36,False,6486.97,False,0.0,2.99,3,2024-07-03 15:04:29.895990
000050,2.94,4.85,4.09,0.64,4.48,high_value,2.23,yes,1,5.81,14361.36,11489.09,41.57,61.65,9.04,False,446.41,False,9677.68,True,1297.8899999999999,4.29,4,2024-11-30 15:04:29.895990
000050,3.69,4.29,3.36,0.37,4.4,high_value,2.23,yes,1,9.2,14361.36,11489.09,11.08,63.45,6.14,True,903.12,False,1656.67,True,882.42,2.98,5,2024-10-31 15:04:29.895990
000050,3.2,3.52,4.84,0.21,4.38,high_value,2.23,yes,1,9.32,14361.36,11489.09,48.26,60.17,13.9,True,693.63,False,9859.62,False,1996.69,4.31,3,2024-10-01 15:04:29.895990
000050,4.59,4.1,3.31,0.6,4.24,high_value,2.23,yes,1,3.32,14361.36,11489.09,12.6,92.28,63.05,False,284.39,False,4682.83,True,9055.359999999999,2.66,4,2024-09-01 15:04:29.895990
000050,1.89,4.76,3.38,0.78,3.51,high_value,2.23,yes,1,1.09,14361.36,11489.09,30.73,84.24,7.57,True,726.4,False,2159.99,True,1087.79,1.28,1,2024-08-02 15:04:29.895990
000050,0.58,4.85,3.98,0.18,3.65,high_value,2.23,yes,1,9.49,14361.36,11489.09,0.0,68.98,0.0,False,356.33,False,3562.34,False,0.0,1.43,1,2024-07-03 15:04:29.895990
000009,0.64,4.99,3.94,0.11,3.46,high_value,2.99,yes,12,8.5,9657.0,7725.6,86.0,66.46,89.65,True,317.58,False,4942.98,True,8657.66,2.77,1,2024-11-30 15:04:29.895990
000009,3.31,4.26,4.95,0.77,4.45,high_value,2.99,yes,12,1.39,9657.0,7725.6,0.0,60.5,11.36,True,407.21,False,9296.56,False,1096.56,2.85,1,2024-10-31 15:04:29.895990
000009,1.96,3.73,3.58,0.06,3.37,high_value,2.99,yes,12,2.75,9657.0,7725.6,44.86,83.03,45.39,False,122.78,False,1624.45,True,4383.04,3.41,3,2024-10-01 15:04:29.895990
000009,2.78,3.72,4.93,0.06,4.37,high_value,2.99,yes,12,4.69,9657.0,7725.6,19.88,78.7,23.97,True,751.67,False,4333.35,True,2314.7799999999997,4.61,2,2024-09-01 15:04:29.895990
000009,0.03,3.51,3.12,0.39,4.13,high_value,2.99,yes,12,8.71,9657.0,7725.6,35.23,86.68,28.61,True,607.27,True,1178.14,False,2763.35,4.75,4,2024-08-02 15:04:29.895990
000009,1.41,4.42,3.9,0.75,4.37,high_value,2.99,yes,12,6.51,9657.0,7725.6,0.0,72.08,5.07,False,531.22,True,5088.01,False,489.86,1.9,3,2024-07-03 15:04:29.895990
000012,1.84,3.53,4.61,0.14,3.92,low_value,4.53,yes,20,7.4,14989.69,11991.75,23.12,78.95,23.26,True,988.74,True,8561.22,False,3486.25,1.83,4,2024-11-30 15:04:29.895990
000012,2.11,4.13,4.47,0.44,3.78,low_value,4.53,yes,20,4.27,14989.69,11991.75,45.76,71.41,11.27,False,219.8,True,3214.06,True,1688.8600000000001,3.27,5,2024-10-31 15:04:29.895990
000012,1.82,4.2,4.72,0.79,3.75,low_value,4.53,yes,20,3.76,14989.69,11991.75,22.68,73.75,19.73,False,197.79,False,3702.88,False,2957.32,1.2,2,2024-10-01 15:04:29.895990
000012,1.69,4.83,4.32,0.94,3.86,low_value,4.53,yes,20,9.49,14989.69,11991.75,0.0,60.83,4.67,True,447.37,True,3459.88,True,699.52,3.56,5,2024-09-01 15:04:29.895990
000012,3.91,3.8,3.82,0.47,4.74,low_value,4.53,yes,20,2.17,14989.69,11991.75,87.42,92.59,53.56,False,649.32,True,7085.7,True,8028.83,1.34,1,2024-08-02 15:04:29.895990
000012,4.6,4.8,3.66,0.09,4.86,low_value,4.53,yes,20,4.21,14989.69,11991.75,0.0,86.03,0.0,True,376.81,True,4266.46,False,0.0,3.33,4,2024-07-03 15:04:29.895990
000007,2.81,4.85,3.3,0.42,4.06,high_value,1.41,no,15,6.56,6476.89,5181.51,21.3,65.54,31.98,False,729.88,False,7209.67,True,2071.3199999999997,4.9,2,2024-11-30 15:04:29.895990
000007,4.55,3.65,3.08,0.88,3.95,high_value,1.41,no,15,5.29,6476.89,5181.51,0.0,86.85,12.75,False,937.85,True,5026.0,True,825.5699999999999,4.88,5,2024-10-31 15:04:29.895990
000007,1.72,4.01,3.17,0.37,3.35,high_value,1.41,no,15,6.62,6476.89,5181.51,73.57,83.71,125.2,True,199.87,True,9654.18,False,8108.829999999999,2.17,1,2024-10-01 15:04:29.895990
000007,1.77,4.98,3.99,0.62,4.18,high_value,1.41,no,15,9.93,6476.89,5181.51,1.82,72.78,77.89,False,272.82,False,9838.33,True,5044.62,2.96,2,2024-09-01 15:04:29.895990
000007,0.26,3.86,3.61,0.45,3.87,high_value,1.41,no,15,1.36,6476.89,5181.51,0.0,86.25,42.78,False,693.47,False,5961.47,True,2770.8,4.49,5,2024-08-02 15:04:29.895990
000007,0.05,4.36,3.61,0.2,3.94,high_value,1.41,no,15,4.5,6476.89,5181.51,0.0,84.34,0.0,False,727.17,False,4301.15,False,0.0,2.63,3,2024-07-03 15:04:29.895990
000043,1.33,4.87,4.84,0.08,4.33,low_value,2.96,no,4,3.87,9628.59,7702.87,52.71,77.81,19.98,True,120.71,True,8256.04,True,1924.01,1.97,2,2024-11-30 15:04:29.895990
000043,1.87,3.73,4.6,0.78,4.73,low_value,2.96,no,4,1.09,9628.59,7702.87,49.02,60.47,211.37,False,883.14,True,2406.19,False,20351.66,3.52,3,2024-10-31 15:04:29.895990
000043,3.93,3.66,3.24,0.7,3.4,low_value,2.96,no,4,7.71,9628.59,7702.87,38.84,62.84,29.04,True,746.43,True,1034.57,True,2796.2100000000005,1.84,1,2024-10-01 15:04:29.895990
000043,1.93,4.44,3.39,0.82,4.42,low_value,2.96,no,4,5.46,9628.59,7702.87,31.17,84.72,78.66,False,359.26,True,4982.65,True,7574.01,1.32,2,2024-09-01 15:04:29.895990
000043,1.32,4.82,4.15,0.19,3.25,low_value,2.96,no,4,7.85,9628.59,7702.87,5.51,66.59,21.56,False,780.66,True,2461.81,False,2076.12,3.41,5,2024-08-02 15:04:29.895990
000043,3.2,3.83,3.5,0.34,3.48,low_value,2.96,no,4,1.06,9628.59,7702.87,0.0,91.17,0.0,False,353.3,True,1581.88,True,0.0,2.98,1,2024-07-03 15:04:29.895990
000046,2.23,4.97,4.35,0.32,4.54,high_value,4.59,no,19,9.23,11088.42,8870.74,9.08,84.43,91.94,True,612.28,False,5057.08,False,10195.07,2.48,3,2024-11-30 15:04:29.895990
000046,3.82,3.97,5.0,0.19,4.17,high_value,4.59,no,19,1.38,11088.42,8870.74,54.7,72.35,22.58,False,891.98,False,9311.01,False,2503.45,2.85,4,2024-10-31 15:04:29.895990
000046,2.26,3.71,4.5,0.42,3.05,high_value,4.59,no,19,2.25,11088.42,8870.74,19.81,71.09,18.0,True,459.48,True,4909.43,True,1996.3399999999997,1.6,2,2024-10-01 15:04:29.895990
000046,1.08,3.52,3.94,0.27,3.4,high_value,4.59,no,19,5.48,11088.42,8870.74,0.0,65.54,29.92,False,304.97,False,6461.42,False,3318.04,2.73,2,2024-09-01 15:04:29.895990
000046,2.44,4.5,3.71,0.11,4.91,high_value,4.59,no,19,7.35,11088.42,8870.74,0.0,81.27,5.01,True,311.64,False,8232.6,False,554.99,2.96,3,2024-08-02 15:04:29.895990
000046,3.16,4.01,3.62,0.62,4.22,high_value,4.59,no,19,6.39,11088.42,8870.74,0.0,78.54,0.0,False,752.28,True,4326.11,False,0.0,1.25,4,2024-07-03 15:04:29.895990
000005,1.17,4.81,3.63,0.92,4.95,high_value,2.3,no,11,8.08,5513.47,4410.78,60.07,79.42,257.61,False,728.5,True,9689.27,True,14203.21,3.83,5,2024-11-30 15:04:29.895990
000005,1.19,4.73,3.98,0.47,3.04,high_value,2.3,no,11,5.6,5513.47,4410.78,19.1,63.35,55.19,True,661.25,True,5763.12,False,3042.79,3.41,3,2024-10-31 15:04:29.895990
000005,0.33,4.08,3.39,0.77,4.42,high_value,2.3,no,11,4.27,5513.47,4410.78,56.65,87.22,85.83,False,321.93,True,3944.93,False,4732.25,3.25,3,2024-10-01 15:04:29.895990
000005,4.78,4.23,3.63,0.88,3.4,high_value,2.3,no,11,8.3,5513.47,4410.78,69.15,66.59,12.63,True,366.06,True,7619.45,True,696.25,3.09,5,2024-09-01 15:04:29.895990
000005,1.41,4.69,3.85,0.82,3.02,high_value,2.3,no,11,3.35,5513.47,4410.78,53.82,65.04,53.43,True,125.94,False,1708.39,False,2945.72,4.1,2,2024-08-02 15:04:29.895990
000005,2.23,4.07,3.31,0.44,3.63,high_value,2.3,no,11,9.43,5513.47,4410.78,0.0,75.96,0.0,True,735.67,False,3562.87,True,0.0,2.29,1,2024-07-03 15:04:29.895990
000000,1.58,4.58,4.1,0.63,4.29,low_value,2.48,yes,3,4.56,9630.9,7704.72,0.0,71.43,97.59,True,679.26,False,6090.55,True,9399.070000000002,4.53,1,2024-11-30 15:04:29.895990
000000,3.61,4.57,3.99,0.93,3.28,low_value,2.48,yes,3,1.92,9630.9,7704.72,0.0,65.72,51.73,True,182.67,False,9750.87,False,4981.87,1.32,3,2024-10-31 15:04:29.895990
000000,3.75,4.24,4.09,0.52,4.28,low_value,2.48,yes,3,4.56,9630.9,7704.72,32.94,65.42,13.71,True,832.93,False,2431.54,False,1320.22,1.91,1,2024-10-01 15:04:29.895990
000000,3.22,4.34,3.1,0.84,3.45,low_value,2.48,yes,3,1.38,9630.9,7704.72,25.81,67.67,63.11,True,954.97,True,5505.25,False,6077.820000000001,2.55,4,2024-09-01 15:04:29.895990
000000,0.1,4.65,3.98,0.67,4.39,low_value,2.48,yes,3,5.95,9630.9,7704.72,23.79,61.4,6.33,True,287.95,False,1064.37,True,609.2,3.33,3,2024-08-02 15:04:29.895990
000000,2.55,4.74,3.79,0.15,3.01,low_value,2.48,yes,3,6.65,9630.9,7704.72,0.0,81.8,0.0,False,600.64,False,2438.77,True,0.0,4.02,3,2024-07-03 15:04:29.895990
000064,3.25,4.18,3.89,0.97,4.34,low_value,2.57,yes,10,7.93,13775.14,11020.11,11.0,67.16,23.78,True,137.49,True,7685.32,True,3275.9100000000003,1.8,5,2024-11-30 15:04:29.895990
000064,3.68,3.95,4.38,0.21,4.19,low_value,2.57,yes,10,3.73,13775.14,11020.11,86.65,76.23,43.43,True,610.16,False,2951.25,True,5983.02,2.24,2,2024-10-31 15:04:29.895990
000064,4.15,4.79,3.41,0.95,3.78,low_value,2.57,yes,10,3.95,13775.14,11020.11,12.2,94.45,51.65,True,928.74,False,6047.47,False,7115.389999999999,4.18,2,2024-10-01 15:04:29.895990
000064,0.39,3.66,3.0,0.03,3.1,low_value,2.57,yes,10,1.1,13775.14,11020.11,81.05,69.6,9.4,True,373.1,False,7558.73,True,1295.23,1.39,3,2024-09-01 15:04:29.895990
000064,1.08,3.79,3.85,0.88,3.15,low_value,2.57,yes,10,4.76,13775.14,11020.11,34.92,60.78,16.42,True,908.67,False,2276.54,False,2261.6499999999996,4.72,2,2024-08-02 15:04:29.895990
000064,0.6,4.46,4.9,0.79,4.76,low_value,2.57,yes,10,9.39,13775.14,11020.11,0.0,66.11,0.0,True,177.49,True,5097.2,False,0.0,2.08,5,2024-07-03 15:04:29.895990
000039,1.89,3.56,3.86,0.47,3.35,high_value,2.59,yes,15,1.12,5585.71,4468.57,61.99,91.41,30.74,True,963.49,False,7389.12,False,1717.1,1.81,3,2024-11-30 15:04:29.895990
000039,0.12,3.91,4.74,0.23,3.9,high_value,2.59,yes,15,1.02,5585.71,4468.57,46.52,82.76,78.6,False,603.05,False,8127.67,True,4390.36,2.15,1,2024-10-31 15:04:29.895990
000039,2.99,4.18,3.94,0.16,4.32,high_value,2.59,yes,15,4.34,5585.71,4468.57,53.9,79.29,6.84,True,388.64,False,4663.01,False,382.27,2.49,3,2024-10-01 15:04:29.895990
000039,3.84,3.72,4.35,0.89,4.35,high_value,2.59,yes,15,4.67,5585.71,4468.57,69.59,93.65,127.14,True,641.94,True,3995.24,False,7101.860000000001,3.58,4,2024-09-01 15:04:29.895990
000039,3.77,4.79,3.33,0.04,4.01,high_value,2.59,yes,15,8.74,5585.71,4468.57,0.69,81.88,215.09,False,586.19,True,8659.88,True,12014.1,4.91,2,2024-08-02 15:04:29.895990
000039,4.12,4.09,4.65,0.88,4.98,high_value,2.59,yes,15,5.9,5585.71,4468.57,0.0,78.18,0.0,True,329.25,True,7657.4,False,0.0,2.96,3,2024-07-03 15:04:29.895990
000044,2.04,4.63,3.21,0.64,3.91,low_value,2.4,no,11,8.51,5628.86,4503.09,49.66,91.33,50.11,True,744.58,True,5456.83,True,2820.89,3.78,3,2024-11-30 15:04:29.895990
000044,1.21,4.11,4.65,0.54,3.19,low_value,2.4,no,11,8.33,5628.86,4503.09,0.0,60.82,30.7,True,366.21,True,2671.43,True,1727.99,1.27,4,2024-10-31 15:04:29.895990
000044,4.76,4.13,3.72,0.4,4.4,low_value,2.4,no,11,3.7,5628.86,4503.09,12.37,73.57,63.86,True,373.41,False,6716.98,True,3594.7,3.72,1,2024-10-01 15:04:29.895990
000044,2.5,4.03,3.51,0.47,4.6,low_value,2.4,no,11,7.78,5628.86,4503.09,74.42,86.94,24.26,False,719.73,False,9542.1,False,1365.71,4.98,4,2024-09-01 15:04:29.895990
000044,0.19,4.23,4.81,0.47,4.09,low_value,2.4,no,11,1.75,5628.86,4503.09,0.0,85.35,128.56,True,509.22,False,3172.41,False,7236.299999999999,1.14,3,2024-08-02 15:04:29.895990
000044,2.76,4.56,3.9,0.61,3.19,low_value,2.4,no,11,7.15,5628.86,4503.09,0.0,80.77,0.0,True,941.98,False,1621.9,True,0.0,2.85,5,2024-07-03 15:04:29.895990
000080,2.46,4.85,3.59,0.16,3.58,low_value,3.79,yes,12,3.98,10027.93,8022.34,0.0,63.84,18.42,True,971.71,True,2792.11,False,1847.0300000000002,2.0,4,2024-11-30 15:04:29.895990
000080,3.88,4.71,4.81,0.77,3.09,low_value,3.79,yes,12,2.64,10027.93,8022.34,34.48,71.9,26.53,False,305.86,False,8275.77,True,2659.9900000000002,1.41,2,2024-10-31 15:04:29.895990
000080,0.66,4.97,4.21,0.02,3.99,low_value,3.79,yes,12,8.15,10027.93,8022.34,51.58,75.05,15.11,False,671.35,True,4767.62,True,1515.19,2.12,5,2024-10-01 15:04:29.895990
000080,3.51,3.6,3.17,0.88,4.33,low_value,3.79,yes,12,5.27,10027.93,8022.34,14.48,77.75,18.01,True,915.95,True,2089.1,True,1805.75,1.35,2,2024-09-01 15:04:29.895990
000080,3.32,4.17,4.99,0.37,3.53,low_value,3.79,yes,12,1.6,10027.93,8022.34,43.63,87.65,13.6,True,623.91,True,6037.0,True,1363.94,1.81,3,2024-08-02 15:04:29.895990
000080,0.67,4.55,3.02,0.06,4.58,low_value,3.79,yes,12,2.01,10027.93,8022.34,0.0,83.31,0.0,True,373.01,True,3875.76,True,0.0,4.44,2,2024-07-03 15:04:29.895990
000040,1.94,4.45,4.08,0.8,3.29,low_value,1.4,no,6,2.14,8744.81,6995.85,88.19,77.85,34.93,True,529.92,True,6095.42,True,3054.18,3.51,4,2024-11-30 15:04:29.895990
000040,4.2,4.04,3.45,0.26,3.12,low_value,1.4,no,6,4.89,8744.81,6995.85,15.43,90.47,19.42,False,124.9,False,4516.99,True,1697.84,3.99,2,2024-10-31 15:04:29.895990
000040,2.4,4.92,4.02,0.41,4.74,low_value,1.4,no,6,6.72,8744.81,6995.85,24.11,68.45,20.54,False,547.42,True,4894.67,True,1796.4800000000002,2.67,5,2024-10-01 15:04:29.895990
000040,0.42,4.84,3.29,0.64,3.74,low_value,1.4,no,6,4.54,8744.81,6995.85,56.66,76.26,154.97,False,373.15,False,9273.94,False,13551.720000000001,3.05,4,2024-09-01 15:04:29.895990
000040,3.79,4.76,4.18,0.56,4.36,low_value,1.4,no,6,6.39,8744.81,6995.85,0.0,87.5,114.49,True,522.4,True,7222.82,False,10012.27,3.13,5,2024-08-02 15:04:29.895990
000040,3.16,3.88,3.54,0.27,3.58,low_value,1.4,no,6,5.62,8744.81,6995.85,0.0,70.96,0.0,False,916.5,True,4136.62,False,0.0,1.77,3,2024-07-03 15:04:29.895990
000047,3.3,4.65,4.78,0.14,4.54,low_value,2.7,no,16,3.66,6166.92,4933.54,51.93,84.05,35.23,False,741.36,False,2840.18,False,2172.74,3.33,2,2024-11-30 15:04:29.895990
000047,0.59,4.58,3.58,0.25,4.2,low_value,2.7,no,16,6.7,6166.92,4933.54,7.34,71.81,23.5,False,437.5,False,5359.09,False,1449.51,4.73,4,2024-10-31 15:04:29.895990
000047,2.69,3.72,4.21,0.25,4.93,low_value,2.7,no,16,8.32,6166.92,4933.54,0.0,94.44,36.03,True,159.89,False,9350.25,False,2222.08,4.74,5,2024-10-01 15:04:29.895990
000047,2.92,3.92,4.13,0.2,3.1,low_value,2.7,no,16,4.85,6166.92,4933.54,80.84,94.36,78.79,True,528.73,False,3818.28,True,4858.79,1.72,3,2024-09-01 15:04:29.895990
000047,3.8,4.99,3.08,0.07,3.21,low_value,2.7,no,16,5.82,6166.92,4933.54,0.0,64.46,36.62,True,933.17,False,2844.03,True,2258.53,1.04,3,2024-08-02 15:04:29.895990
000047,4.88,4.58,3.57,0.24,3.44,low_value,2.7,no,16,6.43,6166.92,4933.54,100.0,86.31,7.84,False,856.69,True,1206.59,False,483.73,4.05,2,2024-07-03 15:04:29.895990
000066,3.7,4.97,3.54,0.49,3.19,high_value,1.36,yes,12,8.61,14453.68,11562.94,25.36,67.73,12.97,False,648.65,True,9258.63,False,1875.24,1.43,2,2024-11-30 15:04:29.895990
000066,3.36,4.15,4.72,0.85,3.89,high_value,1.36,yes,12,3.09,14453.68,11562.94,0.0,89.65,8.07,False,741.18,False,2353.47,False,1165.94,4.4,4,2024-10-31 15:04:29.895990
000066,0.12,4.65,3.41,0.67,3.87,high_value,1.36,yes,12,8.88,14453.68,11562.94,17.27,71.98,16.41,True,549.13,False,8543.97,True,2371.64,2.49,1,2024-10-01 15:04:29.895990
000066,3.0,4.55,3.76,0.79,3.41,high_value,1.36,yes,12,3.83,14453.68,11562.94,0.0,74.18,6.09,True,743.44,True,4415.0,False,880.23,4.84,5,2024-09-01 15:04:29.895990
000066,1.22,4.55,3.9,0.8,3.78,high_value,1.36,yes,12,4.11,14453.68,11562.94,59.27,73.33,27.36,False,492.66,False,9182.69,True,3954.46,2.75,3,2024-08-02 15:04:29.895990
000066,1.14,4.05,4.99,0.48,3.34,high_value,1.36,yes,12,8.68,14453.68,11562.94,0.0,82.58,0.0,True,861.31,False,4281.15,True,0.0,1.36,2,2024-07-03 15:04:29.895990
000070,2.27,3.94,4.72,0.28,4.83,low_value,4.73,yes,2,3.06,3951.06,3160.85,6.86,70.91,255.87,True,308.63,True,6588.5,True,10109.41,2.15,4,2024-11-30 15:04:29.895990
000070,4.71,4.84,3.47,0.81,3.39,low_value,4.73,yes,2,7.41,3951.06,3160.85,4.5,62.36,137.55,True,342.14,True,5805.58,False,5434.820000000001,3.21,3,2024-10-31 15:04:29.895990
000070,3.62,3.73,4.86,0.25,3.02,low_value,4.73,yes,2,8.7,3951.06,3160.85,38.33,86.82,59.56,True,550.82,True,4544.25,True,2353.2,1.19,2,2024-10-01 15:04:29.895990
000070,4.23,3.86,4.22,0.37,4.57,low_value,4.73,yes,2,5.16,3951.06,3160.85,27.28,75.92,34.92,True,742.09,True,6761.23,True,1379.69,1.27,4,2024-09-01 15:04:29.895990
000070,0.68,3.93,4.06,0.49,4.51,low_value,4.73,yes,2,5.95,3951.06,3160.85,100.0,85.42,5.69,False,965.89,False,8077.46,False,224.66,4.01,5,2024-08-02 15:04:29.895990
000070,4.68,3.75,4.72,0.13,3.07,low_value,4.73,yes,2,1.66,3951.06,3160.85,0.0,94.82,0.0,False,203.98,False,4443.15,False,0.0,2.49,3,2024-07-03 15:04:29.895990
000004,3.75,4.17,4.18,0.76,3.28,high_value,4.1,yes,15,8.14,5586.85,4469.48,13.34,73.87,171.36,True,114.74,True,9132.97,False,9573.44,2.95,4,2024-11-30 15:04:29.895990
000004,3.56,4.06,3.41,0.13,4.92,high_value,4.1,yes,15,3.21,5586.85,4469.48,25.02,65.09,25.48,True,365.88,True,4155.0,False,1423.75,4.55,4,2024-10-31 15:04:29.895990
000004,0.39,3.94,4.64,0.55,3.08,high_value,4.1,yes,15,9.83,5586.85,4469.48,11.56,89.65,12.58,True,417.23,True,3793.08,True,702.55,1.04,1,2024-10-01 15:04:29.895990
000004,0.73,4.57,3.54,0.02,3.44,high_value,4.1,yes,15,5.69,5586.85,4469.48,100.0,60.84,120.31,False,400.64,False,4122.33,False,6721.28,2.14,1,2024-09-01 15:04:29.895990
000004,4.01,4.38,4.77,0.76,3.87,high_value,4.1,yes,15,5.63,5586.85,4469.48,56.5,83.32,43.72,True,998.78,True,9396.53,False,2442.35,2.32,4,2024-08-02 15:04:29.895990
000004,3.66,4.45,3.29,0.76,3.39,high_value,4.1,yes,15,6.55,5586.85,4469.48,0.0,69.65,0.0,True,137.7,False,1109.03,True,0.0,1.78,5,2024-07-03 15:04:29.895990
000020,4.95,3.82,4.98,0.16,3.07,high_value,3.27,no,6,7.55,8122.94,6498.35,70.54,87.55,130.1,True,521.48,True,9323.4,False,10567.779999999999,1.46,4,2024-11-30 15:04:29.895990
000020,4.06,4.01,4.46,0.37,3.94,high_value,3.27,no,6,9.61,8122.94,6498.35,0.0,80.2,27.17,False,668.37,False,5740.38,False,2206.6400000000003,4.22,2,2024-10-31 15:04:29.895990
000020,1.13,3.53,3.97,0.33,4.02,high_value,3.27,no,6,5.49,8122.94,6498.35,100.0,85.35,3.79,False,146.16,False,8215.06,False,307.52,1.43,2,2024-10-01 15:04:29.895990
000020,2.78,4.77,3.44,0.96,3.93,high_value,3.27,no,6,2.38,8122.94,6498.35,88.24,63.45,94.77,False,471.38,False,4773.62,False,7697.77,2.2,2,2024-09-01 15:04:29.895990
000020,0.81,4.22,4.86,0.07,3.63,high_value,3.27,no,6,9.0,8122.94,6498.35,16.34,75.25,35.46,False,238.64,False,9805.23,False,2880.8,4.75,1,2024-08-02 15:04:29.895990
000020,1.54,4.23,5.0,0.93,3.79,high_value,3.27,no,6,2.93,8122.94,6498.35,0.0,75.05,0.0,True,357.82,True,4025.0,False,0.0,3.37,1,2024-07-03 15:04:29.895990
000014,2.7,4.24,3.18,0.97,4.62,high_value,1.03,yes,3,6.83,12554.33,10043.46,15.68,94.71,17.74,True,524.09,True,2201.35,False,2227.12,3.71,3,2024-11-30 15:04:29.895990
000014,3.33,3.63,3.33,0.31,3.2,high_value,1.03,yes,3,9.97,12554.33,10043.46,0.0,62.88,3.02,True,652.93,True,8105.88,False,378.92,4.3,4,2024-10-31 15:04:29.895990
000014,0.54,4.39,4.23,0.53,4.66,high_value,1.03,yes,3,3.56,12554.33,10043.46,35.84,62.27,12.4,False,241.65,True,5467.74,True,1556.2900000000002,3.76,1,2024-10-01 15:04:29.895990
000014,1.97,4.01,3.33,0.47,3.91,high_value,1.03,yes,3,9.57,12554.33,10043.46,35.26,70.72,18.78,False,476.17,True,8148.32,False,2357.08,3.67,2,2024-09-01 15:04:29.895990
000014,1.2,3.72,3.31,0.08,4.18,high_value,1.03,yes,3,2.06,12554.33,10043.46,100.0,63.77,12.89,False,213.5,True,3542.28,False,1618.3899999999999,3.75,5,2024-08-02 15:04:29.895990
000014,1.2,4.22,3.82,0.93,4.34,high_value,1.03,yes,3,7.04,12554.33,10043.46,0.0,85.53,0.0,False,943.69,True,9060.31,True,0.0,2.46,4,2024-07-03 15:04:29.895990
000057,4.02,4.08,4.63,0.46,4.93,high_value,4.36,no,6,8.05,3586.95,2869.56,9.74,90.19,265.92,False,219.61,False,7707.53,False,9538.45,3.63,5,2024-11-30 15:04:29.895990
000057,4.34,3.78,4.74,0.16,3.5,high_value,4.36,no,6,1.84,3586.95,2869.56,0.0,90.64,54.11,False,233.35,True,3160.21,False,1940.72,4.83,2,2024-10-31 15:04:29.895990
000057,3.6,4.13,4.54,0.63,4.42,high_value,4.36,no,6,8.2,3586.95,2869.56,0.99,73.06,48.29,True,194.14,True,2899.56,False,1732.12,3.72,5,2024-10-01 15:04:29.895990
000057,1.37,4.09,4.06,0.59,4.85,high_value,4.36,no,6,2.77,3586.95,2869.56,78.99,86.94,236.42,True,509.46,False,5849.13,False,8480.42,1.18,3,2024-09-01 15:04:29.895990
000057,0.09,4.38,4.93,0.06,4.66,high_value,4.36,no,6,4.76,3586.95,2869.56,43.41,76.22,111.48,True,930.78,True,5043.44,False,3998.76,4.57,1,2024-08-02 15:04:29.895990
000057,4.08,4.5,4.16,0.39,3.01,high_value,4.36,no,6,3.06,3586.95,2869.56,0.0,67.76,0.0,False,315.08,True,4870.1,True,0.0,4.21,3,2024-07-03 15:04:29.895990
000062,3.97,4.46,3.61,0.6,3.1,high_value,4.81,no,17,9.9,9021.02,7216.82,22.92,67.47,13.47,False,801.71,True,9330.66,False,1215.31,3.24,3,2024-11-30 15:04:29.895990
000062,0.89,4.48,3.03,0.43,3.66,high_value,4.81,no,17,3.21,9021.02,7216.82,10.92,76.8,90.58,True,216.89,False,2521.2,False,8171.33,3.69,4,2024-10-31 15:04:29.895990
000062,0.81,4.14,4.46,0.36,4.53,high_value,4.81,no,17,3.6,9021.02,7216.82,0.0,94.93,8.2,True,168.6,True,8858.99,True,739.54,4.81,1,2024-10-01 15:04:29.895990
000062,3.89,4.69,4.89,0.97,3.23,high_value,4.81,no,17,5.06,9021.02,7216.82,67.83,64.25,152.73,False,559.7,False,7011.99,False,13777.76,4.14,3,2024-09-01 15:04:29.895990
000062,3.95,4.03,3.78,0.19,4.89,high_value,4.81,no,17,7.53,9021.02,7216.82,7.88,91.88,15.72,True,992.91,True,2312.32,True,1417.75,3.09,5,2024-08-02 15:04:29.895990
000062,0.97,4.99,4.51,0.35,3.68,high_value,4.81,no,17,4.5,9021.02,7216.82,0.0,86.49,0.0,True,826.55,False,2911.24,True,0.0,3.48,4,2024-07-03 15:04:29.895990
000045,3.9,4.34,3.92,0.32,3.74,high_value,4.74,yes,18,9.1,13014.13,10411.3,100.0,61.27,29.61,True,103.35,False,1154.09,False,3853.58,3.59,4,2024-11-30 15:04:29.895990
000045,3.75,3.51,3.63,0.46,3.27,high_value,4.74,yes,18,1.86,13014.13,10411.3,66.11,78.22,47.34,True,633.6,False,5449.11,False,6161.04,1.48,1,2024-10-31 15:04:29.895990
000045,3.93,4.46,3.49,0.54,3.85,high_value,4.74,yes,18,1.35,13014.13,10411.3,15.34,63.73,20.08,False,698.34,True,7263.16,False,2613.3399999999997,5.0,3,2024-10-01 15:04:29.895990
000045,1.7,4.12,3.15,0.53,3.15,high_value,4.74,yes,18,3.78,13014.13,10411.3,54.37,70.49,11.36,True,123.53,False,3949.78,True,1477.8500000000001,4.48,5,2024-09-01 15:04:29.895990
000045,3.01,4.78,3.73,0.1,3.53,high_value,4.74,yes,18,4.0,13014.13,10411.3,73.32,91.09,9.39,True,618.77,True,3083.67,False,1221.4,2.25,5,2024-08-02 15:04:29.895990
000045,3.77,4.87,3.16,0.71,4.87,high_value,4.74,yes,18,8.83,13014.13,10411.3,0.0,79.11,0.0,False,190.39,False,7770.72,True,0.0,2.25,4,2024-07-03 15:04:29.895990
000065,0.47,4.92,3.01,0.89,3.09,low_value,1.55,no,2,8.29,11893.13,9514.5,62.45,74.21,29.77,True,337.85,True,1738.08,True,3540.2999999999997,1.74,5,2024-11-30 15:04:29.895990
000065,3.5,3.66,4.62,0.47,4.46,low_value,1.55,no,2,2.14,11893.13,9514.5,30.62,85.83,11.33,True,990.68,True,7132.7,False,1347.08,3.31,2,2024-10-31 15:04:29.895990
000065,2.46,3.86,3.86,0.61,3.78,low_value,1.55,no,2,8.43,11893.13,9514.5,12.44,70.24,78.35,True,464.07,False,9196.72,False,9318.8,2.08,5,2024-10-01 15:04:29.895990
000065,4.28,3.69,3.84,0.65,4.0,low_value,1.55,no,2,9.8,11893.13,9514.5,28.27,74.19,10.94,True,772.11,True,6189.54,True,1300.74,4.87,2,2024-09-01 15:04:29.895990
000065,0.66,3.56,5.0,0.74,4.46,low_value,1.55,no,2,7.16,11893.13,9514.5,82.56,64.65,16.39,True,348.89,True,6171.17,True,1949.6200000000001,3.87,1,2024-08-02 15:04:29.895990
000065,2.07,4.01,3.89,0.15,4.3,low_value,1.55,no,2,2.11,11893.13,9514.5,0.0,72.91,0.0,False,440.85,False,4990.71,True,0.0,4.43,2,2024-07-03 15:04:29.895990
000035,4.73,3.86,3.98,0.27,3.1,low_value,3.66,no,6,1.03,5256.01,4204.81,11.19,76.23,158.79,True,803.25,True,7734.92,False,8346.28,1.82,1,2024-11-30 15:04:29.895990
000035,4.41,3.71,3.56,0.43,3.03,low_value,3.66,no,6,8.07,5256.01,4204.81,10.37,78.54,152.22,False,413.06,True,5044.09,False,8000.76,4.36,4,2024-10-31 15:04:29.895990
000035,1.35,4.22,3.88,0.13,4.56,low_value,3.66,no,6,6.81,5256.01,4204.81,52.63,73.46,54.18,True,198.84,False,5698.25,True,2847.89,2.09,5,2024-10-01 15:04:29.895990
000035,4.0,4.62,3.04,0.57,4.77,low_value,3.66,no,6,3.17,5256.01,4204.81,0.0,69.9,70.68,True,781.96,True,6647.67,True,3714.7,1.6,1,2024-09-01 15:04:29.895990
000035,1.64,4.53,4.11,0.57,3.0,low_value,3.66,no,6,2.74,5256.01,4204.81,41.35,63.8,52.01,False,748.79,False,3260.51,False,2733.8199999999997,3.34,4,2024-08-02 15:04:29.895990
000035,3.35,4.94,4.13,0.36,3.76,low_value,3.66,no,6,6.62,5256.01,4204.81,0.0,91.16,0.0,False,141.22,False,4211.93,True,0.0,3.13,4,2024-07-03 15:04:29.895990
000081,4.48,3.85,4.73,0.2,3.82,high_value,1.41,no,7,9.96,11276.75,9021.4,0.0,62.54,2.34,False,746.59,True,7642.22,True,264.42,2.48,1,2024-11-30 15:04:29.895990
000081,1.28,4.88,3.82,0.99,4.29,high_value,1.41,no,7,9.01,11276.75,9021.4,0.34,91.26,82.74,True,406.73,True,6505.97,True,9330.11,4.22,5,2024-10-31 15:04:29.895990
000081,2.68,4.44,4.52,0.04,4.38,high_value,1.41,no,7,5.87,11276.75,9021.4,62.09,83.01,53.16,True,933.61,False,8353.59,True,5994.9,4.18,3,2024-10-01 15:04:29.895990
000081,0.5,4.26,3.46,0.58,3.0,high_value,1.41,no,7,7.27,11276.75,9021.4,94.04,92.71,52.64,False,600.66,True,1242.09,True,5936.150000000001,4.92,5,2024-09-01 15:04:29.895990
000081,0.11,3.91,3.34,0.16,4.47,high_value,1.41,no,7,7.59,11276.75,9021.4,34.2,66.85,23.25,True,277.88,False,5147.7,False,2622.3799999999997,1.9,2,2024-08-02 15:04:29.895990
000081,0.16,4.59,4.45,0.37,4.51,high_value,1.41,no,7,7.85,11276.75,9021.4,0.0,89.22,0.0,False,238.54,True,8502.58,True,0.0,2.89,1,2024-07-03 15:04:29.895990
000013,4.46,3.66,4.53,0.21,3.31,high_value,3.74,no,5,1.98,9396.36,7517.09,68.62,68.02,28.55,True,339.53,False,8977.49,True,2683.12,4.32,5,2024-11-30 15:04:29.895990
000013,2.66,4.35,4.91,0.42,4.22,high_value,3.74,no,5,8.15,9396.36,7517.09,10.74,69.77,11.78,False,645.65,True,2766.43,False,1106.48,2.5,5,2024-10-31 15:04:29.895990
000013,2.32,3.64,4.16,0.8,3.25,high_value,3.74,no,5,1.48,9396.36,7517.09,53.75,85.8,20.17,True,604.06,False,9184.0,True,1895.5199999999998,1.21,2,2024-10-01 15:04:29.895990
000013,2.7,3.85,3.25,0.91,4.02,high_value,3.74,no,5,6.46,9396.36,7517.09,0.0,90.95,24.88,True,585.1,True,4052.01,True,2338.24,2.04,3,2024-09-01 15:04:29.895990
000013,2.74,4.74,3.09,0.49,4.68,high_value,3.74,no,5,2.26,9396.36,7517.09,17.05,87.65,20.9,True,566.16,False,1642.92,True,1964.2400000000002,3.95,3,2024-08-02 15:04:29.895990
000013,2.3,4.52,4.99,0.34,3.07,high_value,3.74,no,5,1.1,9396.36,7517.09,0.0,60.96,0.0,True,876.6,True,1752.7,True,0.0,4.03,5,2024-07-03 15:04:29.895990
000069,2.19,4.84,4.3,0.06,4.26,high_value,4.22,yes,2,9.72,8769.36,7015.49,31.89,60.9,18.99,True,989.56,False,4411.41,True,1665.6399999999999,4.18,5,2024-11-30 15:04:29.895990
000069,3.23,4.63,3.52,0.09,4.63,high_value,4.22,yes,2,6.4,8769.36,7015.49,16.84,80.17,22.6,False,358.47,True,2355.2,False,1981.84,3.01,1,2024-10-31 15:04:29.895990
000069,1.57,4.2,4.01,0.47,3.09,high_value,4.22,yes,2,1.44,8769.36,7015.49,18.0,83.17,29.12,True,440.11,False,1798.2,False,2553.37,3.12,4,2024-10-01 15:04:29.895990
000069,1.89,3.68,3.83,0.8,4.02,high_value,4.22,yes,2,9.92,8769.36,7015.49,63.18,72.93,17.88,True,429.59,True,8066.26,False,1567.5900000000001,3.92,5,2024-09-01 15:04:29.895990
000069,3.57,4.44,3.11,0.21,3.82,high_value,4.22,yes,2,8.7,8769.36,7015.49,51.59,79.54,12.34,False,807.87,True,7951.3,True,1082.1799999999998,1.5,1,2024-08-02 15:04:29.895990
000069,1.34,3.57,3.24,0.39,4.67,high_value,4.22,yes,2,2.12,8769.36,7015.49,0.0,79.45,0.0,True,335.45,False,9659.37,True,0.0,3.19,4,2024-07-03 15:04:29.895990
000031,2.64,3.6,3.54,0.15,3.13,high_value,4.06,yes,15,7.27,7537.06,6029.65,19.99,81.67,8.29,False,753.39,False,4668.77,True,624.81,1.08,4,2024-11-30 15:04:29.895990
000031,3.78,3.7,4.44,0.85,3.86,high_value,4.06,yes,15,1.94,7537.06,6029.65,0.0,93.63,11.96,False,173.95,True,8398.33,False,901.7,4.78,4,2024-10-31 15:04:29.895990
000031,0.78,4.92,3.75,0.29,4.75,high_value,4.06,yes,15,2.68,7537.06,6029.65,11.76,87.6,114.77,False,405.94,True,3644.5,True,8649.92,3.67,4,2024-10-01 15:04:29.895990
000031,1.89,4.12,3.56,0.29,4.15,high_value,4.06,yes,15,8.33,7537.06,6029.65,3.95,77.68,132.57,True,794.83,True,4315.35,True,9992.019999999999,4.32,3,2024-09-01 15:04:29.895990
000031,1.66,4.96,3.93,0.83,3.12,high_value,4.06,yes,15,7.19,7537.06,6029.65,68.8,61.31,37.83,True,993.81,False,3149.35,True,2851.59,1.84,3,2024-08-02 15:04:29.895990
000031,0.97,4.29,4.17,0.88,3.24,high_value,4.06,yes,15,7.56,7537.06,6029.65,0.0,88.23,0.0,True,181.05,False,5735.9,True,0.0,3.18,5,2024-07-03 15:04:29.895990
000038,1.08,4.11,3.65,0.23,4.76,high_value,1.79,yes,6,8.69,10570.48,8456.38,87.17,85.32,113.21,True,926.32,False,7825.59,False,11966.6,4.97,1,2024-11-30 15:04:29.895990
000038,2.31,4.25,3.81,0.55,4.73,high_value,1.79,yes,6,9.03,10570.48,8456.38,1.99,60.37,18.5,True,287.83,True,9975.37,True,1956.0200000000002,3.34,3,2024-10-31 15:04:29.895990
000038,3.89,3.67,3.26,0.6,4.85,high_value,1.79,yes,6,3.2,10570.48,8456.38,47.02,73.21,81.28,False,673.15,False,3374.98,False,8591.51,4.29,5,2024-10-01 15:04:29.895990
000038,0.6,4.59,3.83,0.0,4.24,high_value,1.79,yes,6,2.92,10570.48,8456.38,10.13,72.88,88.63,False,220.53,True,1686.27,True,9368.6,4.23,5,2024-09-01 15:04:29.895990
000038,3.2,4.36,3.22,0.29,3.46,high_value,1.79,yes,6,5.77,10570.48,8456.38,75.31,72.0,22.47,True,627.9,False,2752.35,True,2375.65,4.77,5,2024-08-02 15:04:29.895990
000038,3.01,3.72,3.48,0.28,3.68,high_value,1.79,yes,6,1.69,10570.48,8456.38,0.0,68.93,0.0,True,725.88,False,2170.47,False,0.0,4.76,1,2024-07-03 15:04:29.895990
000068,2.14,4.95,4.49,0.52,3.19,low_value,4.74,yes,11,7.72,5851.78,4681.42,28.22,74.93,18.08,True,944.96,True,8873.46,True,1058.1,3.08,2,2024-11-30 15:04:29.895990
000068,1.81,4.1,4.21,0.82,4.53,low_value,4.74,yes,11,4.48,5851.78,4681.42,89.34,83.97,243.17,True,388.34,True,1899.51,True,14229.6,4.07,3,2024-10-31 15:04:29.895990
000068,4.49,4.03,4.63,0.51,3.37,low_value,4.74,yes,11,6.15,5851.78,4681.42,0.0,76.99,119.38,False,482.03,True,6590.61,False,6986.049999999999,2.16,1,2024-10-01 15:04:29.895990
000068,0.58,3.96,4.11,0.79,4.97,low_value,4.74,yes,11,8.02,5851.78,4681.42,35.53,71.99,32.66,True,529.2,True,4667.12,True,1911.33,1.93,3,2024-09-01 15:04:29.895990
000068,3.07,3.69,3.2,0.37,4.38,low_value,4.74,yes,11,1.16,5851.78,4681.42,0.0,88.78,30.11,False,993.87,True,8229.58,False,1761.97,3.3,1,2024-08-02 15:04:29.895990
000068,3.57,4.18,3.51,0.81,3.81,low_value,4.74,yes,11,6.38,5851.78,4681.42,0.0,80.05,0.0,False,789.97,False,8826.22,False,0.0,4.32,5,2024-07-03 15:04:29.895990
000017,2.68,4.05,3.77,0.95,3.5,high_value,2.18,no,19,3.97,13669.82,10935.86,9.19,63.6,67.28,True,795.07,False,6125.33,True,9196.72,4.81,2,2024-11-30 15:04:29.895990
000017,0.54,4.76,4.61,0.22,4.56,high_value,2.18,no,19,7.99,13669.82,10935.86,89.77,75.05,33.91,True,467.04,True,9910.2,False,4635.2,1.62,1,2024-10-31 15:04:29.895990
000017,2.29,4.13,4.78,0.64,3.35,high_value,2.18,no,19,2.94,13669.82,10935.86,42.46,79.66,15.06,True,567.99,True,3932.0,False,2059.1,3.6,5,2024-10-01 15:04:29.895990
000017,0.69,4.85,4.51,0.84,4.96,high_value,2.18,no,19,8.45,13669.82,10935.86,3.21,91.4,16.86,False,898.55,True,9834.38,False,2304.7,2.37,5,2024-09-01 15:04:29.895990
000017,4.02,4.68,3.81,0.76,4.09,high_value,2.18,no,19,2.32,13669.82,10935.86,0.0,83.13,30.8,True,805.24,False,6156.22,False,4210.099999999999,2.63,1,2024-08-02 15:04:29.895990
000017,4.62,3.82,4.12,0.81,3.2,high_value,2.18,no,19,8.48,13669.82,10935.86,0.0,90.88,0.0,True,826.51,False,6143.56,True,0.0,2.01,2,2024-07-03 15:04:29.895990
000073,1.55,4.26,4.25,0.04,3.06,high_value,4.19,no,8,9.63,5887.21,4709.77,0.0,76.74,7.17,True,100.88,False,6403.53,False,422.06,1.25,1,2024-11-30 15:04:29.895990
000073,0.58,4.97,3.77,0.2,3.16,high_value,4.19,no,8,2.74,5887.21,4709.77,76.3,81.42,112.5,True,143.12,True,4376.72,True,6623.400000000001,3.45,3,2024-10-31 15:04:29.895990
000073,0.4,4.44,3.15,0.74,3.11,high_value,4.19,no,8,4.67,5887.21,4709.77,0.0,66.2,73.03,True,884.66,False,6778.66,True,4299.51,1.2,3,2024-10-01 15:04:29.895990
000073,1.1,3.92,3.03,0.5,3.89,high_value,4.19,no,8,3.53,5887.21,4709.77,28.92,65.68,30.1,False,896.89,False,7866.7,False,1772.2,3.69,5,2024-09-01 15:04:29.895990
000073,0.69,3.53,4.6,0.75,3.98,high_value,4.19,no,8,6.63,5887.21,4709.77,0.0,76.59,14.48,False,930.78,True,6088.79,True,852.46,4.08,3,2024-08-02 15:04:29.895990
000073,0.11,4.9,4.35,0.26,4.94,high_value,4.19,no,8,2.79,5887.21,4709.77,0.0,75.89,0.0,True,943.52,False,4220.91,True,0.0,1.81,4,2024-07-03 15:04:29.895990
000008,4.98,4.86,4.36,0.08,3.33,high_value,1.82,no,3,4.42,8571.06,6856.85,69.16,67.66,19.02,False,314.18,False,2191.21,False,1629.9299999999998,3.18,3,2024-11-30 15:04:29.895990
000008,1.88,3.79,3.89,0.89,4.09,high_value,1.82,no,3,3.76,8571.06,6856.85,1.01,80.74,63.86,True,878.1,False,1430.07,False,5473.43,2.18,1,2024-10-31 15:04:29.895990
000008,4.87,3.64,3.55,0.99,3.47,high_value,1.82,no,3,2.84,8571.06,6856.85,100.0,68.75,100.45,True,458.52,True,9349.16,False,8609.94,3.96,4,2024-10-01 15:04:29.895990
000008,3.34,3.76,3.37,0.01,3.32,high_value,1.82,no,3,1.83,8571.06,6856.85,0.0,77.21,7.0,True,192.1,True,3349.89,False,600.17,1.69,5,2024-09-01 15:04:29.895990
000008,1.7,4.74,4.57,0.69,3.88,high_value,1.82,no,3,7.82,8571.06,6856.85,44.2,90.33,7.18,True,887.26,True,8889.79,True,615.36,3.17,3,2024-08-02 15:04:29.895990
000008,2.04,4.01,4.14,0.45,4.48,high_value,1.82,no,3,5.44,8571.06,6856.85,0.0,84.6,0.0,False,462.5,True,5082.16,True,0.0,2.61,4,2024-07-03 15:04:29.895990
